,0,1,2,3,4,5,6,7,8,9,10,11,12,13,14,15,16,17,18,19,20,21,22,23,24,25,26,27,28,29,30,31,32,33,34,35,36,37,38,39
airplane,-27.57725626179488,-25.817669747175227,40.068205323616155,-17.26866536167246,15.849964027499137,29.176537423394343,18.243510835463876,9.524232675317615,15.493513892769892,4.620438600164442,-8.169640245414785,-9.256382028490853,10.198693352872244,-14.118902533551244,-2.35219355887017,26.43221718557942,18.874776848121158,-12.634160267760699,33.373879948563946,-15.21172575000739,0.5359488906011082,-13.337440842845782,23.3403737384606,5.840198456113149,-7.296819191380234,0.1351378099582041,-3.34967640611661,28.256870689925293,-11.306642011327009,4.221225251694483,-1.343722441238737,-11.477714997199248,9.34710312910785,-30.653355243145175,-7.579511767289524,-0.5996645048405984,-8.611926307631292,40.58122698336251,-15.124579008798031,4.814968833693317
alligator,-2.119370764746878,-0.5234425907642266,-8.823441569809818,12.180921964536825,-2.8828765273240506,-8.492078893468564,0.47952996189728453,2.7004105985738214,2.1486642902051303,-5.327625851357008,-9.823841064461545,4.344250150620827,1.217662497948063,-9.051181664296166,7.025354598225287,1.1839838816400945,4.380836278932857,0.7552155164194411,-7.495761933855877,13.283451537307698,10.149298144420783,-2.2655844328328945,-1.383725765770031,1.0232807535713695,-7.352483246184661,-5.044056702643213,-2.371104912147144,12.025328820584287,1.178620960614642,-7.345323744824152,9.787308067764254,-3.758245998209617,5.570422106707927,7.1759433745686625,0.757944932238867,-4.804848544307193,2.7913440644874625,-5.871112002057835,1.8068077326227974,0.16006314186940288
ant,-1.2378084321331089,3.5954699364493754,-10.0014375216811,-0.46431851448195716,-2.4344705610819735,2.541640200992459,6.400894946601635,-4.891830840275427,0.3131952856339103,8.762568615941515,-0.8591466673337511,4.7505539317105185,15.571350992719903,0.24356876113624074,10.170812933994469,1.071285462912022,0.732029121213342,5.495598065443187,-11.278591422312964,3.9664453562494506,5.7487319257247185,11.147493532079652,4.445843864253919,3.6877150946606134,5.893865079143923,-1.0216966206836535,5.638189729770995,-11.317723416803906,-8.18740925120057,2.888107364267354,5.5786428982930865,-0.4660614137180391,1.0455887596272115,8.258896771418614,-15.220453219953763,5.980844392589161,7.448637865649579,-7.926513731873093,-1.6396251929514656,5.904732452559762
anvil,2.6093994863209673,1.6635655064171389,-5.057233341638902,-1.3871176743519482,1.045401496369317,1.423289334578412,0.7277047967685061,-2.796071762562953,-4.685144097689848,2.273245423020772,6.182422938992415,-3.3391538409591877,-2.406101879129735,-3.660741427781084,-4.33351937213229,3.8290624393537285,-0.6986944396088467,0.11435323778329286,0.6817462323283061,-0.4205858345384489,0.9539527994832556,-1.3362933153446217,-1.064260352182614,-3.30335921387991,-6.105839406891151,-4.82793954812291,-8.244479948787147,2.698555228788172,6.370308408727624,-7.65845453117957,6.909376244677122,-2.56454805879251,-8.9233229139549,-0.8325572145122571,0.8577979271710073,5.092543837871947,4.412950336515805,-0.33019878130484953,-8.596553460318932,-10.385391102162941
axe,4.434124685704459,-8.461380427811111,8.396542472247384,3.0731324328170655,1.4019541514829699,0.0765580574068661,2.960077934948319,-0.23321843177722262,1.2378878250224064,-3.4242198106222137,5.680569579982728,-17.05829265517505,4.169932761425469,-19.76156821848799,-21.67165004956268,5.682363183454018,7.688968079045073,3.0123776936611173,13.122201055333356,-16.39487633482346,8.878618022432503,7.311476111795194,-9.897759240322172,-9.335928944431833,-7.163999321166176,0.9492743735799292,0.9425098566137159,1.9831981035553512,12.188920441683038,5.308631031669663,10.200809299252466,2.377822525908651,-10.959864885131381,0.05134788833637373,7.9019033871486855,-3.051848708040238,2.3718563743001746,6.839509708573867,-2.5523939719146003,-9.768598606592068
beaver,-18.27005648309263,-22.05043593869492,32.52302886278822,7.926180485845937,-17.36890247241511,-11.018234319113612,-11.264739191975405,22.674481490123508,0.7770194561690608,-5.624869598174907,-15.364251127026435,-21.926408316319037,7.412740717392566,19.61245750923209,25.12715465095943,-0.32962772196069984,-3.944585180188141,-1.4861872114182582,-17.80653143559789,22.651109208192832,26.81398083671321,13.477204766803903,-0.47712913597060247,-27.51091801835329,-3.27026027634698,27.474683136683762,-4.4198595284736095,-11.790513769671788,-1.121940207821194,18.643541071361756,-7.857936540500828,-18.15316950378567,26.860669907828147,17.667902476493833,-13.68521348262856,4.333320912349839,-15.374335093347995,18.70004497846675,14.972715022451037,11.724803196063029
beetle,-4.424038117868286,2.2783050960645617,-9.133031832903253,-3.147608290888605,-16.98748305351169,-6.3712494088884295,3.0810105845602958,-4.4610356675597265,27.042099411398787,-13.08493132802451,-12.51987015600183,4.018300710579672,27.589580260414273,15.226525606846483,-12.108398057378254,0.9551948924649329,-7.293570362869028,-2.4696518820669886,10.794456191219592,9.548740718016678,4.911313228910458,11.551529553227683,5.254524141953537,7.430406965340664,9.139501194957761,10.467593016824777,11.552878554717486,-2.645588623620715,-7.549875110857032,36.64293288228602,4.832736560326682,6.227234329907347,-2.3649774086575475,19.683080753232883,-31.479029659578657,-7.090067013184781,18.74679045528686,8.602579245248068,7.557623356966756,2.85684971277066
bicycle,6.838198917366255,-7.455217556904365,30.766849835511646,26.495300958490283,3.832957042971652,-16.482086230841166,22.430070917310232,20.90376577379773,-1.6652031855126481,-20.872096080249992,26.081269925027712,-6.373361671298473,29.506229017155352,8.926243959387877,-21.714717502700182,19.32445975801375,-11.223039053363793,-0.5529698377464507,37.663011644908806,6.227271072549752,-17.71177693332866,-11.011097214634976,-2.346378382013315,-5.929790383176433,-16.620529652860903,-24.463863689870465,-5.593425180331648,-5.828989056768921,1.294750756042618,-18.610121621730396,7.6778352095977285,4.89631867042393,-3.6690566371716544,-4.825990759521723,5.941185452070184,5.1120430451207834,-29.872950189259956,12.657611618282393,18.25768830305535,-10.421707798557065
bison,-13.35362444959184,8.402132639681096,3.0522793827832744,7.232568961413132,1.7683388188948719,-0.2946122574891241,6.425065478753709,-5.689459962010352,-5.18974830743546,12.888557594861568,-13.992311768386868,0.265947894788767,-5.610618213338444,2.514960084366731,5.332474078518779,3.9779459715931407,15.65725659322361,6.118200130761693,-26.458718173487156,20.30918047702788,-8.961056714163512,16.067540705024193,1.2008390818262746,6.95839227381069,17.65141343301224,-8.813565743634832,19.785073717815553,-5.892715551814019,6.685178360187966,7.3658012530462775,10.335028292742207,6.212659413487729,8.204508436363769,6.10461232553878,-9.64974709901446,-5.527736030066318,-18.191011125597544,-0.14612750260244264,-10.653560997379268,-11.799773639148665
boat,3.6654574864113094,2.8817762099316915,2.050126470257863,2.619499952557383,-0.7543550694451185,-0.2307795020096259,2.3545958128910645,-0.9203476627835842,-3.169375487965406,1.4954113113126344,9.141468827367799,-1.8159053829625926,0.38856993172864007,-1.1405083521686847,-3.253738087140226,2.4315468131980555,0.26959608996117157,-0.021498423219289835,7.259143070678744,2.71590158080346,-3.637463653147144,-1.4576984391792938,-0.8692229411031049,-6.07240975514294,-3.514232946434937,-11.967425958500693,-6.895722798492406,3.903285601449722,5.003273165702905,-10.030479888710767,3.8009850045133025,-3.637644907562346,-7.538495402181048,0.8653801918419591,-1.4532596246880758,7.863331212155385,4.0763494205101525,3.097387334719013,-3.7719396739028657,-8.17379569577818
bottle,6.411253804348858,0.8783364559210082,2.622865222246742,-2.9565070541802085,-5.439895330055474,-2.9705252903015755,-0.6761690356011643,-5.350032791606156,4.7306227213705005,9.90570613889782,3.1918586072039683,5.174279492579608,-9.769307089913976,-9.269764492857702,-4.021800890600806,-2.519785687227278,-5.435569420507682,-2.7992914441822556,14.119004821386838,-14.508214232007488,-8.377317780842874,-0.7569264675066308,-5.844658614589487,-1.9963371058863002,1.4802174830371646,-8.122423282286544,-5.812818407762836,1.819695422614734,-2.7399454123163998,-16.01549565029298,7.698875799027955,0.8040239999236817,3.2264030167814925,-2.112354810070341,11.632812432373386,0.06783962863609443,2.2068477371328252,13.091024068995216,8.608351361512907,-8.185561980533897
bowl,0.313283264018783,-10.442582285357842,-0.9732641753203342,-11.387795123800318,-5.534847637015889,-6.954904005909752,3.289228458947909,-0.27017364776465985,3.8317048888264544,3.104108960220304,-6.355055344686738,2.128822684594161,-18.459925049670346,2.241232489169419,-7.174059182793816,-10.996597876219086,-1.0130256469000034,-0.32697528160232014,25.32767458723122,-18.453080163122795,-7.245901794579118,-8.29656317593574,-4.041717643182861,-9.144986028891363,-0.46677618023482415,-13.251472199573255,0.8921102011116085,-9.821879048079145,-5.342582362110873,-2.6570421877964563,7.141828536632052,-6.838726117584685,11.962499673920043,-8.628821127994158,19.197577728292266,9.087432091456076,-2.683818189292659,0.9347295066239365,2.203411669363041,-14.047500412076815
bumblebee,23.295886367281607,-16.55778268734487,-7.295379568821489,-1.5151664254672383,35.974921566194375,-21.066606484452144,-4.850695869647484,26.701748877246207,-4.985231527489547,-24.987643309695205,-17.416867668143176,-1.8820816225386596,48.51950595185028,30.167814253491922,17.71910189672565,-18.032656222760625,30.527092189539236,-25.833102249347178,-42.642913855206075,-24.493179400091616,-8.74796165074502,19.32628635806774,-3.191661861129862,31.2559509431345,21.44041927074827,7.327118111235218,-21.407810005095488,-27.191314068174417,-27.23807645965654,24.288500506890692,-3.8515296842336326,13.235037420302435,-8.116125075356129,22.42585435879862,-10.692519106337352,31.774215040468928,-1.7743314019851404,-7.965389898764687,-0.8769315123857809,16.570871879136945
bus,9.4121811339894,-5.552837425665254,15.682792892373154,10.379919679335035,-1.4278969579872602,11.38262242575426,12.487646809434924,9.113864480075716,9.409357472093543,22.10658911045333,10.953003008550192,3.0789515309919837,-10.806678581273323,-2.8202869493224685,19.37365317198811,31.66229420267065,26.7154757444172,15.254389362458726,54.65250288586088,-13.031572771144088,-16.275612094047723,2.880303774291847,-8.47434299032666,13.494659309460056,24.34234411117346,-6.7791475427912316,-26.327374205197756,17.239939069463915,-4.851567503311889,18.04674170290338,-6.459549144303251,4.976031472465136,-3.666361117477311,-33.21837589502432,11.974044599876278,0.6882740470170996,9.608342198295237,-0.11007654374711014,-0.7408740095948965,13.253991466372105
car,-1.4518307312852696,3.5249944720258166,5.469918496334098,-2.441796593870997,4.044216419770845,3.5967947822901722,-2.739872210386439,3.661531217142039,-5.547947024424087,12.794239854703624,7.666324742714297,1.5902903347923407,-6.224046624135876,0.9508945253631488,-8.893733153359431,10.571127137191516,9.063544587352958,5.02884005810937,16.28286692107901,-0.9507709234830829,-2.248297655679031,-2.381045746606176,1.8269137102027215,0.253135219775761,-0.41290179945062666,-3.9332459276620284,-8.759738570869487,15.33641414507695,7.767151834642862,-2.219329906779751,5.2516306422389984,2.796279038218656,-3.8165006292142976,-4.126623221571363,-8.561315216117332,8.16088517565249,-2.7854270718502425,9.091655487421523,-4.206715183557797,-0.18823728400921533
cat,-10.341431077255036,2.7700189582523356,-4.21937685420404,-9.42391809647479,-1.5512542223393735,-5.5771494182305235,-0.6727328245461532,-1.9784796073735327,-2.5421117098623753,-12.181623852621389,8.10125465942616,-6.480974836517748,8.379725441895575,13.108568468905077,3.6293736614278003,-16.06109907700347,-1.6878099745100414,20.01947597730389,-18.087376397316817,-0.36566281855935007,-5.843426696861689,-7.733005956180732,-8.381390751727123,4.124998684908865,0.08569271670692166,-4.50795769814126,0.5022793647509478,-6.576798862627773,9.569880423321795,-1.9638815259177946,-1.47948329952143,5.4366685253535785,20.299112131553137,0.7354327522336793,-14.805706909704366,-18.679554850892636,3.4517257139909234,-0.5778601370328645,0.52487721264896,11.4446279945254
caterpillar,-2.6040199063733906,1.1962624127772994,-10.89441765696011,-9.732213424651066,1.9585731454157345,0.6573178379509402,9.414192651984749,-0.7606643851868563,-6.920535613271861,-2.115022117321302,-4.682116386067817,15.295529660433333,-0.44373817641299695,3.46877599617506,1.7042502772334214,0.9905789376727515,-9.789881811893785,2.946686064159778,0.2640781610971361,9.768099806554835,14.149568325117267,7.462386275513137,-1.2000029563025378,8.506182081313389,-3.1881645670747654,-0.3997936929056801,-10.461845415313851,-17.964381380417745,-12.37072624356204,8.490744179833868,-2.5768461466207144,7.194881212986688,2.8809119191703254,6.443119703349913,-15.525952611323545,7.234351065212761,3.0382121340353003,1.8158682775386357,-12.352714212449833,5.174984691262297
chameleon,0.21127066875260858,11.683286914066192,-14.820317249002086,-3.7363255348160456,0.19803165732438646,-0.4396669248270402,-3.367435126013648,-0.2643469257444451,4.2751687570799435,-4.0685528355131595,2.4162185445557562,-3.496894656803337,-2.3530352047262806,5.2313076165482,-4.5502688467537205,10.28159229426656,-4.130399920475481,-4.2094193671764515,-2.4830123771181807,6.11110510875361,5.674962388499374,1.2146248476656392,-2.705886446869949,-2.027818322236954,-6.9469840723249945,5.608472756686073,-2.1919146584681606,13.105976620422895,-0.6611681282190969,-8.99660893913105,12.127108239417073,-5.021000628608469,-8.964077034161011,6.473629811123622,10.139128474644355,5.147274218325322,1.724009303929469,4.789014086289555,-5.9084451319679605,-0.46360198147487913
clarinet,3.056027828209075,-0.46502044592638736,10.420409042860861,-3.0813397150019144,-4.945923236465839,8.542715276732867,2.588201305966757,23.690600817747903,15.748894283864415,3.949868818809192,0.2957218202517615,19.318940618634706,-18.31644912759181,-2.1596382076189693,-8.976806741497276,-4.180903475885862,16.634665642840645,-10.71150388561776,21.18222148000864,-6.725197225230267,-0.7004995014170173,-10.23531585110503,-16.66227363600095,5.363816737009798,2.5180624359497177,3.6253776629446754,0.2329472923147673,-7.728443531161331,2.2892874311075038,-9.519688090571815,-15.47721350237929,4.588559918998043,-30.703360674273913,6.843204237048056,28.281783843987707,-19.20844060650779,12.203686814464051,13.319418460596347,-5.59907443555598,-7.5772776543789915
cockroach,-1.2494246041228818,4.176600805476941,-10.092122141628979,-1.2122742376443958,-0.563587138027324,0.07054048332118575,2.5761411062035693,-5.025083164951139,-3.2382518646695564,6.456026864288561,5.235756505230693,-2.6945318587957074,4.736732900232591,-3.516894080358868,1.0664230454647545,0.3863375042043302,-0.26226350649878644,3.8903800866510223,-0.1321018416709149,6.778950093437372,0.31722001782248976,1.4646059287895936,4.118419066031421,2.280283882012467,-2.3934416900018576,-4.05261165677543,-1.2675272831261153,-1.8030318319669951,1.0684010260516756,-6.114765968225922,5.808668857278511,-5.8523652434864495,-6.5171689654534015,1.6128294142307347,-5.798959031929026,11.130197044298995,13.654903330692893,0.263437724747228,-7.068299839710674,-6.968762033549619
cow,5.563898871537608,6.9449679653504,-7.203765404953585,0.6802189136374311,-3.7047959403178203,2.5228607402240004,-3.5701672741523804,-3.405663272040821,-1.8747533988105174,7.094839042099157,1.040771230283977,3.5120354303553083,1.287435171051469,1.8406960184923309,7.21402813379037,-1.4589417154190498,-5.482422068444683,3.7262422893787774,-11.014152896167497,11.250675573220677,0.6117247045866576,-0.23560570793033808,-5.187493725531284,-4.894853937384964,-0.5613399725488872,-7.948603912591474,2.4540318189072785,4.898534568817451,3.5565048513495534,-0.1716894064048926,-5.096975305447081,-6.313159894712727,-6.36630833420121,-1.682833926344939,-8.590637144250389,-0.3402870460753187,3.7172878086265073,2.261583777919027,-2.210909268153106,-10.809328450498448
crocodile,-5.850690539579844,-8.81091931896729,-10.008404679645919,24.650795955345792,-0.8127852510418149,-21.55179104805755,5.993632575937866,1.8959601647591449,9.17708612640108,-17.912872051470853,-21.07833337168226,15.30110562899272,1.9341736260162574,-13.454342157310116,8.945367800354225,6.604166293474423,9.818632260171803,-5.090841314021209,-14.284203957000663,16.9916071087367,21.26403287024194,-7.149105594291821,-2.965401533453458,6.185370458873167,-7.494381440768374,-2.1047792098694695,0.12643790078325196,22.723032823845095,-2.2195491207470006,0.18532871321601402,6.427704548417803,-11.118758073858151,22.451736617690585,9.687226361333256,2.3953416795910223,-15.108425376311045,-2.0858475670078924,-9.459631883932323,9.501173021262987,9.534375772836352
crowbar,-0.22076182417013834,1.2210168236566554,-2.2090544763979967,-2.59947837162239,-0.21939776004245715,2.1714538683958513,-1.5128932832080388,-4.176928454628499,-4.390124623780084,4.021130320097248,7.199693629235831,-4.709725709726335,0.39050350922704935,-6.30405401071481,-3.3959200093108106,1.0852118759263802,0.4611660762497845,-1.72979255988469,0.6531812254652647,-3.165600782356742,3.6561937470474084,0.19232392471906712,-0.527061883098377,-4.398341967305106,-4.365455138509231,-4.14555299483823,-5.064162161404346,2.244427779988154,4.513478632823316,-8.540759121142932,4.142970834219471,-6.8871714522259335,-8.384386463294177,0.690213734569214,-0.8088558196958322,5.105234534069724,5.61492537130799,4.2059224085230476,-9.19611817797554,-11.829223883728357
cymbals,-1.7487081133910227,-2.572286194845732,-5.725983720237799,-12.355187557324243,1.6883864181320758,-1.574600803612686,2.621986376616213,0.19789811844628355,4.738902119126915,2.789667404131203,-6.287692886236454,3.998753671411863,-10.455989155721193,3.9150196951972958,-12.998298849153294,-1.014831813967615,-6.268300103112026,1.090126507320804,8.776117487252812,-6.826308794432568,-2.713797658455761,-8.074066820707625,-1.9781450061371653,-9.13424370230626,3.455473622085141,-13.394955654551467,1.7273264145330345,-5.310758052228425,-0.08601347982019636,-5.057669618334107,0.6472542852142836,-11.624641385199192,6.460862492940786,-5.5370718155260175,10.116723257593577,12.578431284699622,3.95313900296842,4.522245770813408,2.1422004931987555,-12.132469339936247
deer,12.404418834288562,-11.447976817658294,9.385197216873674,-8.697433633181129,1.9113333142354594,12.136568297616568,2.521209869351832,-3.769052534366799,0.9487335854672103,5.463634510276205,-1.7723847736886933,6.765549567262312,-0.3183596518385407,8.706847075312782,6.134924097087332,0.01826480806647265,-14.342844659474256,19.82606228395449,-28.748714455241057,23.598971514089254,2.0109336877817263,6.592672790664999,-6.8610274331815315,7.6425093589171285,-3.7177734131373614,-6.060121400955828,13.46286387337364,9.312030529513253,-16.286200916012106,14.529894901943553,-4.132530196348256,4.3031930123496585,-1.308672979322274,9.512130941155473,-11.0859396091795,-12.939600769860013,-14.380994556552398,-2.098590120250263,12.432686073680413,3.323523401410364
dog,16.1790325410026,3.309635340980254,-6.985503876240067,18.993369924185657,-31.894295459779848,-11.512181690476611,-15.959591977528271,-20.556967261991318,8.463693200030761,10.589744010369628,-27.210752102642964,-9.969673628174515,17.125886763773185,19.892849456203685,13.874749570931396,5.051806809745429,2.890699378320162,23.28872937019867,-31.904832172859418,-13.553596161552022,-23.271104957048376,-15.829451541640074,-1.3243452482361313,-0.06295618912350673,-33.25220695711012,4.3871729424413175,5.117553763126524,-13.443637124137652,-9.076626089624202,7.118840990965459,-14.221484995968634,16.019693764665988,-0.1882034786771303,-12.748910720679607,2.6537514027543527,-16.18489214225201,-8.303153312401978,8.433174529242613,-16.620535454275526,12.510469719753305
dolphin,-2.7406900377630765,1.1812475826645352,-26.169675735678528,34.12309731479003,-9.449076620054859,18.66018031325881,-31.802959145053126,-8.650548264644343,-13.33493413476682,-38.22203407247112,-18.910700529967276,-7.198273093081812,-16.581404677659254,16.329183606845067,1.8515360461943997,-18.206676915012302,18.045172918863052,13.699723328778934,-0.1851798719732993,-10.381034565248822,8.66461151202779,-11.031235854897632,2.6875181788660236,36.422641538256634,18.5008628499355,20.8088952452449,15.531989927194093,-1.4200457782393776,-3.161449276457842,-28.645664583250653,-34.34163352625096,-10.2631989588022,2.453572092816877,-0.7677171852217111,-43.24340942964798,-4.967624792489123,-36.86063887303732,-18.937599500208837,29.542468936609467,23.770464805216907
donkey,6.681388080852288,8.295928854804192,-0.45504801394776084,2.965265342898404,-5.814393537240077,1.0043594667260827,2.1684732436851863,-8.447514724603957,-4.56291710399945,2.6102467718067754,2.009953881790123,0.8742351657466648,2.135749787234959,-0.32811801031351356,15.407764886754878,1.3997026174540124,-9.883690414876295,4.615197648478162,-13.008709339287245,12.601516559352165,-0.2832316739582918,2.560474653556113,-8.173731340949269,-0.7123014736568617,-0.9391869055946153,-6.388617385201418,4.317348273102571,4.834970361970543,2.1327229910589955,6.955054611619403,-8.453084125471538,-3.481203018884543,0.0879830051567791,-0.7980999724547502,-10.654044362191563,0.3192279940491952,-3.0824605572188664,-4.306075172372305,-3.7123945392625477,-6.4595587780426795
drum,2.53283615468813,2.3988162065375445,4.416547655610659,-6.632820961735184,2.9641041202102416,3.830113869265515,3.623162753511807,-2.3413504270750254,-4.859975772346547,4.933024578518227,5.855579084622503,3.3398383849144566,-3.6295037803207184,-11.102649372060755,-6.905367999820418,-10.859206995972157,0.9524610706995956,-1.8989515875697562,12.508525557810486,-11.361194290773467,-3.0909252605078366,-0.5668113680462614,-1.8328009245662091,-10.923653538242032,-3.884237648506466,0.7826219152464065,-7.132372957999576,2.033562748882706,-11.847647873258115,-8.93793174669319,-0.07956016693277401,-11.505107378625292,-14.506181073771257,-20.85322318390505,13.621031094184312,-2.489805617977906,3.7577762362078304,0.5880887478439393,9.849228642362661,-7.755122321911575
earwig,-1.4360753559576276,0.8171244609335819,-8.521251745917102,-3.2645767430214576,-0.5352700374040449,3.867727517471325,0.8824362080066596,-4.608306452041075,1.09475488733392,8.48389090030267,-0.15505969883945667,1.031899644656479,2.991088055532866,-1.790194344257453,1.7458113504709445,3.1502363464454795,-0.667235548925445,3.992287991814157,-1.2681724882116079,4.894138316724971,6.648769736648165,3.219556499562825,5.672156990538636,2.5216482669534903,-3.0155576653294247,-1.0670617395120543,-2.6497072263143706,-5.2520247185646385,-3.1205974857036685,-4.607993122318209,7.155170630543309,-3.321822009530938,-6.448413221579212,3.909569941294543,-11.137788289330015,8.683618289015952,8.999795229627862,-0.7411752349770687,-10.578421112357386,-3.311901898137163
elephant,-30.69917945999899,8.003038293108002,-0.16235552258529995,-9.296760325173686,-12.667967343582257,-4.178865748188468,9.076156658523146,-10.093099007948728,9.411247846899863,6.8892205377962314,-3.4955272614414943,12.775918831887997,12.558405305523687,1.1718896494565008,17.86432694079981,-6.809447412078656,-7.427910481761342,26.8600531478108,-19.742281944364098,5.676328501133294,16.14953889774788,3.952673857540401,1.1300436541619139,11.992451558816144,3.277077274202064,13.596814362986347,-13.032606236069022,13.326288189245064,21.304061283486398,7.411418063487661,-12.519186524773241,21.60631903673335,-14.207565031186826,11.756485541248182,19.58407346689589,20.41779306169281,-13.533346517162702,-24.844359733689465,23.360403323409322,-22.4692969200528
frog,-7.8611954476667165,-0.27716712033596175,-10.032207378198018,0.7287748887097435,-9.597050219831237,1.828972957243172,-4.122567160994078,0.64067884581791,-5.944646876080832,-1.6032483890048124,-3.700338048991257,5.979264944679346,3.9180635052872788,2.9352175663194244,13.847705598901328,-6.4528716622363005,-6.767453517013798,-3.003989544939753,-6.753032985803435,11.82316381038592,7.407697573045713,17.333880790765704,-9.0029216271139,5.49471810358571,1.0577513285088684,-1.3802631426049705,9.03925434026654,-4.275190923838626,-10.298185338325396,-1.9599034994827411,5.093122561793575,5.718276159946817,-2.6377757645713698,17.31447548250054,-3.881358959756835,-4.481201513312884,3.3099613993414327,-0.6264258517072617,-5.464787502736826,8.514287663442245
gecko,0.5326064831746795,14.612683206596513,-20.93532816418775,-3.7953220635188263,3.7325643760610303,3.4790221489930984,-3.910326544197551,9.909231957014532,-6.628522070774028,2.3524925164342005,-7.850465302274491,-2.8205684008716445,8.665721789117937,14.157221412742226,11.9729378527123,11.426906081625477,-6.0008685141712395,-3.9677604127933104,1.379748810675365,8.83128883491843,10.915754919724472,9.120610608123437,0.8041419006713466,-3.9215398106419594,1.8268298449718163,-1.4071764642407534,1.1011563965032047,2.032700114586241,-0.7532697297313606,-6.815937033984127,5.624822271721422,0.9876843246436465,3.8073335957207997,7.7043451422471785,7.403897882920947,-12.585522540736909,-1.130254020705039,-9.297602713090843,-2.126218307106133,8.215656864497761
glass,10.237359178442743,7.908270939341601,11.165158090550419,-5.079076061307791,-13.247802413512046,-12.628995965250132,0.5397772550536144,-12.395223205121066,1.892625673524235,9.334140912933313,-11.302680678891898,9.579076553533266,-15.08835833641896,-15.321189923884027,-7.091054384421801,0.5199675347223116,-13.374277170147327,-11.081528563421802,21.045285080944854,-32.72064839028677,-9.705106157916006,-4.996415152836878,-16.35184310784656,8.329525177175192,5.553505711630241,-8.303913936043013,-1.7431928051667915,-1.2728694919276438,-2.190856669084977,-20.649095158543897,15.344246118051203,5.436827927692501,18.563798380257722,0.7240964400471575,20.935994687246414,8.164756258273838,-3.8967210384977973,23.3220798165714,19.00189410637009,-0.36291701544701116
guitar,-10.338466408781967,23.658101181017816,26.042299075209627,-1.3179051062964078,14.47523058375271,2.707387265088326,24.64312866291697,1.1987733843397774,30.763738567096375,0.4814637181196053,23.433007677409098,-8.98699835197274,-14.959175034094729,-0.6283225713148265,-8.673095644548145,-26.677745110095614,-7.545465398436287,-15.105574790620018,15.49315061449944,-28.240434975516134,-0.4466846010376126,0.39235329554660886,-26.308935147562146,6.112609876385272,-1.3793676162942228,6.772080643820887,-3.913643961352967,-6.329463290854446,1.958461967946568,-15.943408166264838,-0.638352300563072,-13.622582459555069,-4.91602709099534,-22.85618414871021,8.27798855522406,-13.457552449265195,-0.4080935700239726,-11.38303767623906,-12.357963120930803,6.586764664142574
hammer,4.335383384746167,-0.7044683772717433,-4.239430433745981,6.183565269489095,4.042611239073618,11.379506132798236,4.964143198822274,6.935920825222207,2.859553169250627,2.4060650832116663,10.2395549831865,-8.408072916413602,-10.149630990777469,-14.998349708426321,-11.88786773134024,10.531212858232184,-7.367191172454387,-2.367186881774443,5.985173941417592,-22.570054494923298,7.678464540139685,-2.7262678126625137,0.5149595819892488,-0.29749218528757454,-3.0562147226825176,-3.3709552866204597,-18.414928872347588,-9.755902298020171,9.803577923967856,8.002467895451389,9.626327206271982,0.20599390798923212,0.6138055635688907,-7.523635974690633,1.7304672768615001,-12.133150161156465,0.12504301874368573,-3.1028818216798433,2.524356176633597,-18.20391180827217
hamster,-9.359497986861674,8.302770881180226,7.131060797047541,-6.1254710691418754,1.8632219028469168,5.636633949767094,-22.090589163879972,10.609496928643797,-4.625208137126976,6.583857164064076,0.7393370215064755,-5.423996308066573,15.120156359305822,7.674907057771133,5.285107378649256,-0.1763662040633075,8.848487153907106,-4.9040254889545745,-8.622999414261693,3.2232330427132454,-4.781753598815664,-21.098417429317006,-2.4961153003083543,10.907857511403803,-9.16184120085794,10.506557230193307,21.963678170843412,-7.846339645594767,-12.448888561898144,8.72920863285872,-20.478930195097224,14.391817377721477,30.984474365698354,23.594821028823727,-14.5984670616808,-8.796772653948915,7.671991722448243,-23.629499993603034,5.901402818750559,-5.1326943431348955
hedgehog,0.09624142241305829,-63.9011083211952,45.23719503860697,-43.86182291662468,-45.761654927490724,29.38444433580899,-5.474934399583361,19.855261644250334,-44.875761685076924,-59.19569434378276,-61.56673322248032,-23.973539563145998,14.548050994182741,38.73237553744753,-3.520280816242087,51.38373517045952,-56.03329443982975,-30.222438546957715,-75.3136162529263,9.427483795076075,-30.41003862111459,-2.064453798255506,52.974325333085616,36.400541603234394,53.31427257547451,73.17525304925458,16.28767893925929,-29.148733765908478,27.414410012042982,73.42776029655683,18.555207351728228,-25.133856481814966,53.17947291663027,-25.466065409868133,31.404197226699985,-50.240674308273725,-4.669920925157479,-55.42583592847164,29.114032781825525,70.16220428024427
helicopter,1.959442231596445,-1.4764712667738131,6.776463885628016,-4.732391908131407,4.400877710585549,6.402442106036647,3.5312617043587275,-1.9864058716463606,2.788664594718554,7.018797065418743,3.1477763970134585,-3.9259874247198017,-2.7616283072740737,-5.950105878777325,-2.8153878973759494,-1.0905079331005767,1.68289042579358,-1.775965844798423,6.504180614769864,-2.9910843133161023,-2.9368378184345922,-2.4370522119524884,3.432698104173802,-3.461016299568123,-1.171051133157545,-7.178290537156473,-8.573747463818043,14.22793073125941,1.7821813843999887,-4.246526020588492,6.576963412568169,-4.004418787455653,-13.788609634586772,-6.792991648906907,-3.8677491302748797,0.34808526641016324,-2.3742053840416117,8.893827760564712,-8.300874713506008,-6.572060879866061
horse,-0.3769543629471409,2.616752642471121,-4.908466513797266,1.6129557306007742,-0.620491368227204,-0.7872217751398966,-2.5578844136169985,-0.9032617698475722,-3.2969464444148624,6.678717313918607,5.086910068336243,0.1674953375114332,-1.7710653605864999,-0.4463493321573767,-0.721744842873668,-0.4746028503380221,1.2963341197614486,2.662310985776923,-1.806011151912698,7.451234266590448,-2.181861062700644,-3.7095467622077662,-1.6940402004401502,-4.830345373935527,-4.886830822827866,-3.14178527651669,-6.3970233174413105,1.818488538117912,4.263096246612332,-10.556404826497095,0.33987512382092455,-5.231295980881968,-6.460949858051795,1.9303314888498289,-3.151391398381727,7.35567073824105,9.124248681586636,1.8416934212256806,-7.406071443304066,-9.783158135878274
hovercraft,2.2659605096174618,3.572532185365147,-2.8062266509932585,-3.7947657704416264,1.4602029014596893,4.757888641315088,-1.7189370497562992,1.4687695424789549,0.49778342383735613,2.946692403081372,8.977086604252083,3.321255647255506,-0.10881495751023865,-11.747100653360857,-2.1853991289185446,6.835307503595353,-2.7103658502741563,3.6604983942646085,-0.8314962753465304,-6.040346469736075,-0.9277810055786931,-0.7434730494886873,6.961404591062392,-10.218708081885756,0.858447337485309,-5.339404954359329,-3.4673844815413317,-5.185305659018774,6.297458810655648,-13.320027032119853,8.178632133436443,-3.391760382029511,-8.864214285583213,2.698134196001205,-3.4608350167932898,5.426720981244302,7.302314445350087,-1.4410799328628132,-5.750739459276346,-7.44484344998079
iguana,-3.935552626806639,0.7893608670495139,-19.422373655467247,-5.990236098055973,5.819355004995684,-4.629573950735371,-4.36318915315612,4.6932944531939915,-4.4918106037453445,-1.7475730658214492,-15.334590956655937,-4.109316549676199,3.2568558186887246,1.5343741139734344,9.030889030454624,5.009714064278392,-6.8296806537519155,-3.0717126196451665,3.3732668785083826,15.42135150741305,5.242398997757116,0.5815518204000701,-3.847842231564205,-1.642540783801517,-4.729786133301054,6.60112230953551,7.681754966714977,12.762126914524034,0.4410221977175991,-4.693175135635875,15.56378684922008,7.437338190514325,-6.076416713981849,5.135121670442217,-1.2863311766374075,-9.580204794673955,2.889398725136357,-16.481056013060538,6.9931910338408505,8.396210934457306
jar,6.64901638854003,-6.428150805258542,-1.6060096661327488,-1.2057800598535784,-5.85781369204601,-7.809622453973171,3.994435825729731,-3.9902692525577046,-2.098335567807208,11.793093480938072,6.581903972731255,4.174007902347011,-6.165029647711364,-2.9981388266660574,-1.3973178994809043,-2.6599281819231395,-3.880498661180569,-4.900666798632867,10.797348832252107,-16.600001550474094,-3.899598047403519,-8.436250203115513,-3.1053279257102093,-3.7404642697730597,5.172666163880417,-8.565695431637307,1.4525596782283907,4.897451284871179,-2.716972760925435,-7.267944529426941,5.534569973925808,-10.01726971462593,-3.547956324290659,4.35299088387464,5.440231217646417,2.6404526160031505,2.227073129013296,0.8290558253562301,4.652677716401388,-8.869150275265403
kangaroo,7.849535403840146,4.720353351809513,0.8885187024491353,-7.422437540520709,-7.319025704802056,2.9196883962644353,1.6184012649575272,-1.063123853161273,-3.3706905407289045,-2.3999934034215875,-5.931195281221183,2.5417469361843836,2.9080373635439773,0.19488552617361074,1.9197962899965024,-7.019108468943322,-0.270849939320844,9.347217159108512,-18.81611112997549,13.903461793746267,-1.0091511668058013,7.374948218256733,-0.9734670296176493,1.1506507161304242,-3.8402485422838177,-4.077963222057912,11.573503366472528,8.562783729632386,-2.291765562986898,4.888290991977522,-5.7550408739093974,0.22622411741824666,7.109615311079596,5.84204741123667,-4.596158540188483,2.9054815145744985,1.962196821236032,-3.030957219243598,2.1949250196841033,1.501004418064592
kettle,10.289639992245673,-11.81798218543652,-8.883959169834505,-7.092984846845798,-5.133191573844542,-20.720112970026634,13.057272570813742,2.54240883686592,-9.113860226132676,15.35537462837498,16.804960199111424,3.0970894686849824,-20.03058216012463,3.4670654702134254,-0.2254908147489648,-11.989814052399241,0.26314717382299135,-6.2581447251050015,20.802579158786024,-28.144106275690653,-7.1697781317445335,-13.671521912898687,8.961401846049249,-13.890647572160647,-0.8472277443414578,3.315420967579569,9.570266941895584,10.590736043266674,-7.9253320860059615,2.6229770627580176,1.276340426396765,-12.0656121963773,-7.685897696872279,11.944823692735385,13.806145083972037,-3.1520035389891756,-14.4708865934113,-4.845575326884938,-9.182360076606697,-5.945024732720325
knife,0.6404284215641827,0.9061627127513898,2.4131923562450246,-3.0182841706178873,4.974670527201224,-1.0418291867448808,-2.0993440683103186,-6.680328765534492,-7.138512090515199,0.9323153672941151,7.323498015556193,3.1147495997895853,-7.887399380665871,-5.9576415459227725,-6.024442740554976,0.8119224612262202,0.945513241097243,-0.7775832189609692,5.567445379242854,-7.5546127699042165,2.9977510019116744,1.158997251218001,-6.197647845378271,-7.5773619969446475,-5.721363380129387,-11.337716447555508,-8.592917791694862,2.315245778887067,10.046919141354353,-3.6097492613937954,6.618216461920464,-1.7436381710258226,-6.2730514791441925,-0.4458506482135384,0.49784259075921683,-1.5958805045760116,8.625964303439913,1.0735371233979696,-4.967992432643302,-8.27566164232004
lion,9.178400285768166,3.5542808379186077,-3.2160942389225484,-0.8767246149188453,-3.8741602003454125,-14.996149352565615,6.877192311916041,7.88145598491847,17.311710605510044,9.705967515500777,11.172328557539405,-6.437417994644531,-16.12168160746916,15.67840265516957,10.7265173375171,-25.553771704368927,1.8831833911447153,5.509934415881288,-16.58063250696266,6.158206281636797,7.71463054020806,6.1251668045589245,1.6405270977138897,-1.8754050969265579,-13.6455453527516,8.989383628204829,15.494473452938596,6.2869607319125915,7.230246568938986,6.513191983549527,14.76319090249766,-1.8409586110156084,13.04785834097693,-12.276067642809872,-16.931720090307834,-2.640821597687143,-8.660649271728445,-21.624254108749202,-4.8530039537155,5.116463814569409
lizard,-5.440060867396261,8.395240324757832,-11.555942293935182,-0.7249977128040962,-3.583285406185553,2.2671541529297805,-2.157701106175144,0.45139597761110467,-7.158361426765192,6.1613903887639,-2.2429168844152385,-2.7547083326611217,6.432074397012229,4.263187674561286,10.992000075703068,0.8357231096452423,-1.1014038213152806,-0.0975791305514237,-4.749111833319095,9.543425160075559,4.1675291814830295,7.2569536323062165,1.6805536742482832,4.280536917094762,-3.5284231701207913,-4.793297181630924,3.703459570051104,0.36308110166024615,-3.4867891801473725,-2.3951139231978544,6.724069600787706,-1.4742513272212479,-3.1005725055191022,6.092018262534727,0.5784144627842239,-2.7599583219759083,7.660451667787102,-5.413926154430423,-2.5112720551985084,2.805830284795159
llama,14.300414488642653,0.30345698560473217,-8.284824157518546,-11.768827188562872,-2.7141777013550685,-12.105640732483527,-7.305389634057511,-0.8530245997296948,4.447261405703636,-14.214954303703204,4.822864419694065,-3.4127498069517817,7.7933435440238386,-8.053955374085461,12.679540667828876,0.3334197004939838,6.815695688436347,14.989083816945953,3.63559890093938,24.418283981017893,-2.3787974603422937,2.6632174647652755,-3.350123812947896,15.72970444802066,-1.3229937551568365,4.4393393286996,17.24009572247631,-7.854735200006361,0.20649142229810796,6.653627590776664,-3.1016918743298674,-8.769871006427339,-2.2754807612575125,-1.7741648111681145,3.3945542174983965,-3.740290481489303,-14.264082290039324,-9.188262304491861,-9.82317520762514,-15.402411806496385
monkey,2.3759650538045056,4.241640120893403,-12.2200104961727,-6.098329059796361,0.48673118823164224,-5.478646800452185,6.92648001471205,-8.61873518895954,-11.82460977560189,12.922442934007856,-1.186919919055046,-5.926093660443999,-3.339536771682296,5.8376594786936,-9.57793960454816,0.20613015871667717,10.738291526152901,-10.520470954728689,-11.48560384110226,15.215821031216365,-10.003801255826891,14.552072140465226,-3.678128854222653,5.963707295666438,-18.437338183324908,2.870655903411775,-7.593146047230263,1.7069876564464586,6.198205955966801,-3.385641657675769,-13.090668499944709,-1.2134362598361805,0.9394168111379979,4.7606820842943804,-6.8814075515128765,0.2040227312400765,8.405316898672648,-1.917962179226724,17.5006004260363,-2.808658814964322
mosquito,9.620877493660748,4.307247715353502,-9.94005520003933,-4.059831558136671,-1.1969363322633197,1.4883402768582783,-1.490622190188611,-5.566846763337249,10.829769519369973,3.042754297085326,5.940986480087024,14.481777672604148,22.82039176124491,-2.3387988414749104,14.353409213790894,8.957493674536158,3.8162064398674773,8.513380609178691,-12.159126148226592,2.659074955504008,5.424694421240628,15.830427569795159,11.238328733167418,-9.463801125201396,12.101701375127078,8.957117044893497,7.305692877773825,-21.31831708703816,-3.858084344610784,-7.729923348464863,9.039830594862718,4.3158336793951015,3.688883516573537,5.1234368593439825,-18.570962904205743,8.384503129650522,12.10853819698577,-7.897305133682285,2.3710586103038445,6.061897553682002
moth,-5.15115374009471,5.788843144502677,-11.516719893864105,3.8561715496079434,-1.397059692530648,5.777526873234097,5.603653228869,-7.48716562325122,-5.875178919757834,9.668655639735709,3.611361745643324,-0.022702359995626867,4.010147006001078,-2.4828436891116414,-1.9404528496959688,-2.3114245983955435,-2.512546637235787,8.395697265926366,3.415895113163052,5.1380525458191055,1.1294637651925867,4.54325896333039,3.501784549261712,4.16586978586332,-0.28194881929192256,-4.8217102400731635,0.9664657042604629,-6.007315821507554,-5.517931463274848,-0.4310738039920988,2.5742713572062055,-10.839063568990081,-3.7627268307123,6.948447294265331,-2.329328165421151,10.28479561944563,17.571328523911287,-4.218550087735573,-6.379483163943148,-0.9956537521625319
mouse,-1.436278294353247,1.88643078055404,-6.093604020717676,-4.476301852557953,-6.062358309534954,-0.43269480978695624,2.4625904042391964,-3.27358350812614,-5.547789634434529,3.8636360732008206,3.3651036714216134,-0.656592981441238,3.08654580989884,4.305168086356333,3.0978794050723124,-4.582657463726491,0.6471093420402443,4.22634153540157,-7.843752849917039,7.654166846111815,0.2436549614297861,-3.454653361168404,-0.9640331884416754,-2.4682493889436645,-3.4269829119662854,-3.8233564670135345,-2.602758043300856,-2.1795937467545334,-1.7675442940930923,-5.437159652310597,1.786650623619447,3.6077351013422967,2.400773119853036,8.161420018888663,-5.3932772174604615,-0.6031049277618119,5.874806982718571,-3.5805129646159104,-8.196673584342053,-3.7249981018375076
paintbrush,-0.8020952938581334,1.2439036795682483,-7.547975544377316,-0.3507006768920632,-2.353522630813096,0.3355740408030081,0.7980580524343502,-3.9170647224656414,-4.714916690730781,0.6722889069795344,1.8092847747036083,0.45682106799086464,-3.9851974544081457,-2.5169731339489037,-0.68737276794512,0.3540315043473687,-0.7425518291185762,2.037032858178177,-1.3235332876989383,7.2122461243878275,2.5928273120933643,-0.040882426739822196,-1.1296405568951764,-3.165189573057533,-3.8491877925691775,-6.1682243070908145,-5.460667222999676,2.7352335820489566,3.370773337812923,-10.931331198637201,5.654893910176329,-4.068892103020376,-5.168903478638176,3.4676080417815824,-4.59893875191885,6.427564002127162,9.293501237188948,-0.9607847574006071,-8.350307095994737,-9.901538784805853
pan,4.582345723089799,-0.3488996390464619,-2.126713413099985,-1.7225881304605164,-0.7214742256054743,-2.508700982661003,0.250017222827701,-4.84888341794319,-1.3166195922941175,7.422747150860671,8.764790105329961,7.007069664099726,-10.677683689458656,-2.5411651664377986,-3.8341496406712605,-5.833379959056702,0.9606212612174901,-9.53463639506238,12.960656355152002,-4.292983327600343,-4.731502579313588,-2.8303976421698342,5.48674156120435,-9.98977077563268,-3.8040032362296987,-2.3087927964298496,0.16113964156643026,4.671924681264464,4.693888337441979,-5.53225454880581,3.192696304042501,-2.370516635370081,-4.352031452037463,2.5177504702441267,2.6016516633350486,3.928319182791957,1.3338906565396733,-2.259869315327421,-8.966871550752002,-8.22041442503359
piano,-13.62779252661986,11.820927644768933,60.98741794504904,8.270639714175582,36.25524731339825,-33.34184762542049,-9.302609124931529,14.551760973259384,7.802352081648818,19.112802067931806,-22.554579158229583,6.730916417713115,1.6148652265047994,-31.013955624104398,6.819413436370596,-17.19162407752444,22.47681443459573,-33.237126221246456,51.01383825450315,8.485078378896414,8.164131602141731,-47.532317253185774,33.31938004612956,-17.21826467675046,-5.091553141783474,41.657224197181286,-34.012265292193625,-39.627656778137414,14.99489838093723,14.738177836685422,-17.339347276961014,-23.11158841367621,-32.1335014130302,-20.115736742798994,36.428754155392106,-39.56223175662483,-28.01625212571032,38.874144582096726,19.2106205631793,37.33429980784299
pig,-5.013826255591821,6.93735121557286,-8.728909822604034,1.5134773837520357,-3.635768940723695,0.2430604060176579,4.807201617715921,-8.558302465526808,-0.2109136680999109,4.003972544639926,3.046520794102175,-2.398491774401439,1.5683708471868916,-2.146659296817654,12.421253248817228,1.5481806088319618,-8.208692159309802,5.102548161940406,-5.778724736678825,5.230606426360815,-1.4697414728505958,1.3423678566442703,-5.519371697221863,-1.6725057612238168,-2.9797114541276097,-3.507470242339018,-6.73712384772475,6.823545867250495,8.813633255811776,0.5410674048056459,-8.03314788467542,-1.4471905304585455,-1.5618411583065386,9.555746766493316,-5.029550314419791,9.936794876194222,-4.417223494773504,-6.128021419096827,-8.819538951537757,-10.840232386445894
plate,4.910388832942657,1.9676823864575133,-8.8874990446501,-2.753807294471193,-3.0851673464104494,-2.5815526213886386,0.6697543170049625,-2.530205840013439,-3.544272353288897,6.406471678462224,4.973463678954923,-0.7232920577708398,-4.696168256517044,-0.422747199127951,-2.33990950913813,-4.851133280023278,1.8597819874197865,1.0832103129960842,1.516241817752227,3.1112253442002293,-4.795765983084187,-5.187289669870003,2.5267351388924304,-8.83519590584177,-5.354382871304235,-2.062430266145367,-0.8229320769408147,6.883342468140717,4.48864222452986,-8.159561392548838,1.6013071518801099,-4.538997242170313,-5.062122572593344,4.857125970103091,-3.875736194042152,5.969999609789822,5.494061448620159,-2.8871857401940764,-10.774389895910517,-9.337461866036215
pliers,10.137905233610448,-30.604323337939185,9.397813981937047,-10.762800745078724,16.73049487110268,-12.186125952001097,-21.399611573950143,-15.054846935172641,11.446440711679925,4.730849942466798,-5.878131705571193,-27.90000943544536,4.573651998122736,-15.706482177726539,-33.97314616871264,24.58530471687824,-5.5908174394195225,0.8707122046716899,15.438077749131962,-19.549735190369013,25.1431489661971,15.280925160245138,-16.198299927118402,-2.084953395961757,-7.4186860104352075,-3.22995893608351,6.41514315890235,-16.464858581649956,20.310567485754984,-1.063393473757173,-6.586789501968507,1.3924032245606472,-12.280072007026574,6.905997022037595,11.567638244660511,7.396235937126636,-19.268299558811833,2.2328038325438078,-1.8748419631143087,5.858517820832946
rabbit,-6.015155313066663,7.04217416362883,-5.271436766820044,-2.838381317895032,-12.16392825586694,0.8291194930898085,-6.998321941316217,6.63226790372694,-6.94603084424716,4.505422102763518,-1.1978645332329025,-6.119112712685881,6.559176092841328,3.1407298910588177,-2.755347803260102,-3.3880960993715226,-0.5452439641741582,2.1644554294764897,-15.562974070033388,9.555187999920651,-2.284244662909421,-2.727866251916359,-4.083136317091188,-0.7210169805349794,3.009041139333682,-1.6164643637383567,6.037881074430402,-5.691845592929993,-5.6961040430831735,0.9884311500237151,-4.2161310121710445,11.969329847168249,10.90597237046604,6.7331223430397875,-7.346403824909346,-4.168670428195338,4.599534623839427,-13.10571964403141,0.9332826922781597,-1.4913871438721111
salamander,-16.646453612158265,6.4100209004319035,-22.198302150825004,-3.5100563841292667,0.16622013381695233,3.7670297822236427,-8.172787819852656,11.409728263467423,-8.759551995807607,1.4187269218006966,-1.4649298040545518,1.0303209621308824,9.845543062386698,-1.8400870498421955,18.31469083581394,-0.36118059310117384,-2.6381476463494784,4.369164205239234,-7.752460457022085,9.542810279680104,-2.083606308934601,20.37280000702888,3.2385973430636605,2.4488523267319713,-7.079338707789225,-1.6798707726208848,3.9818755738257923,2.6793076237640285,-11.99120527058151,2.846552812029409,5.631411905693138,-2.7588117193031945,1.0643194860470362,8.354252518564298,3.0161016033169488,-11.477882354003656,-5.272204444575427,0.7899833926860517,1.6126249244435509,5.992696865841944
screwdriver,-0.9061332565280005,0.49764266730580825,-1.8977936026969278,-0.8880987900890744,0.896285075373824,2.5929080920954606,-0.8025340303684941,-3.2764532213508293,-4.286415180898011,4.256004676360608,6.862358420134513,-1.6737232549814562,-5.173839976714802,-5.487951429832736,-4.874349677090144,3.597106676110321,-0.25229045165321173,-1.1886704352123403,4.938422493308123,-5.935631872709397,4.499835206136622,2.484909717649189,-2.965950957016697,-6.16241337204653,-4.0345460234969535,-8.708161082903578,-5.724991983260445,0.6690512990259916,7.927482676896392,-5.739513473187973,5.910613745254324,-3.627786550360987,-6.872189280736781,-0.735293856398219,-0.10204424057376345,0.6538282442988159,8.180652801758407,1.2476788761839752,-6.948583199175026,-10.130768323114056
sheep,16.62135072787415,10.912182531930656,-1.1584735947949962,8.440992767084772,12.093014612943284,12.628891455322423,4.023561195935468,-11.228888215980211,-18.93784040526084,5.4754174168515,-8.850975599869507,-8.491926754155898,10.664895731227173,4.927270746327378,17.33028402239563,-16.532942541994775,-7.228851191220936,5.66570165230279,-5.392555679232238,11.292812780916059,1.0321204779705866,-0.23915855025603275,-14.151022263749995,-6.907397510631226,9.876402717711292,11.559818495643631,9.633753667868833,2.073097398212599,-1.6636474717761518,6.662728794860063,-6.769619391776321,5.620474230125261,7.282859092844003,-3.8371211973515607,-4.308179031445119,-0.37573161156127827,-0.626142751452749,3.1112221086007548,2.307854669952135,-18.82584381263828
shield,-4.301309985743444,1.2141660047535137,-6.101783233779897,-4.572076845468308,4.931063853102685,2.1683214967881006,5.986426074821047,-6.774944854061931,2.411061994176785,2.631857177808557,-3.3378180063555636,-4.149079092298865,-4.343734956954212,2.278395300067189,-8.595185606201794,-2.145782868500813,-3.602809386849523,0.6990789318379873,2.7076748555034933,-3.5963975199049933,-3.328805800591015,-6.946869453603296,2.0329660050025566,-9.01982707613104,0.06859941476877959,-11.62025543431193,-6.8909536586655555,0.6147095784085309,5.296828619935503,-9.245804946594948,0.8979589795108268,-8.607249945298875,-12.542241562498708,2.5147031009409098,2.2193713385096694,1.8383646498179453,4.382447322570245,2.374240623489828,1.492865426496528,-6.28628574422074
shovel,5.016895305008209,-1.6710396133423628,-3.889178640567002,5.130707666034121,2.769510998515638,12.136884434926444,9.217650766070559,7.5949039788201524,3.0778149946253754,-3.38643617859991,5.424034592966272,-8.455995928905082,-3.4026684057496017,-20.5674890415083,-17.08782463229885,7.808232838383747,-3.919402971779585,0.35746350822306877,6.741565569839831,-24.60762256758764,6.316715233173731,-2.3987356757121803,-4.8580592009808505,-9.619133869022265,-1.6297614895365882,2.220154733717959,-14.580716828100522,-4.302023599441514,15.189399840148825,12.206613219660442,9.452035613246336,2.1777866989688177,0.3102043692726711,-2.7117547213575945,2.230655141139044,-12.719721685653006,3.491976652538,1.3242306073797536,0.3808101003581355,-17.720572544647883
sieve,0.1327436927799149,-2.2576102831586184,1.5196213564850722,1.0688726361851053,-1.4154102778439543,11.43158645689733,-2.489016470935275,-6.56755523431314,-2.1113271252407397,1.9047666018852534,5.2039371515044826,10.707227532978175,-0.7492164162222231,-4.012453977162853,-10.68409303162261,-6.631132854803784,-2.2267314720365032,-13.50194070632022,12.265910939341541,-13.976342421800144,-7.848310916661,2.552868000528107,-0.010991640214822646,-6.13006103091614,-1.6300494975792479,-7.35713070124155,-0.5238332305462334,-0.04536303466425819,8.041422096448947,-6.0015941578742,2.255431996040783,-0.14725923120963122,-4.285088202187496,-2.6704230736023744,9.084336706054629,0.9020109534152334,-0.17207328181902778,-0.06205588073600683,-5.473036016297133,-16.271824335197913
snake,1.1678553461384586,-0.023680456702733478,-9.385370156039642,-2.1502147849693984,-4.4473738690627815,1.2251218886809736,-1.0172682806775646,-0.6672013982663072,-7.562199501576174,6.291844069136326,2.3694878567286883,-0.2623871789368659,-0.6986446487536482,2.7410272209759245,-0.9525720711743092,-1.5955872239457325,-0.9694483282394617,2.961699170343173,-3.450876332190397,4.178337196071266,-1.8921800434898297,-4.8151208387063935,-1.8053401562054368,-5.67762114446907,-2.22887674395523,-4.206918946238195,-2.3587694583646353,-1.2582748560883499,3.7049136923745016,-9.678509682991981,1.8468405249772144,-5.50207992322163,-0.5187786144372101,4.094740158968688,-1.032347614181613,8.221380603306304,7.232444122411795,-0.5519883300979026,-3.9184288158493286,-10.295449265148733
spider,-10.212577090025118,-26.516617387664752,-2.002089222001065,29.572336989125493,18.62364685242393,-6.241192469051166,23.380505135874483,25.689038524414205,14.155510846617187,-0.25041234032065085,-29.52162994622365,12.679107968623226,6.468879346409216,0.8724063591708049,8.120144395217027,-14.300512815550043,-22.888607528259886,0.9198420678089458,-5.556503869921514,13.690194075717452,-5.78381157576049,19.623469847413915,16.375844175053018,-2.431066815640063,-16.066241130022423,7.314774522633985,20.6373230321562,-10.750318821880105,-0.3955206292651802,-3.7612286575191383,-18.850458173056303,24.888352115741796,-0.46241405933504615,-5.650621752545314,-17.415154970755925,22.78208635908128,14.406482518901646,-5.59629461736422,-11.738417568763909,24.493069874305778
spoon,-2.565506127974285,-0.520955890399218,1.206315978304599,2.2226938739679527,1.5633084473512948,8.72331264767632,-5.993155122973982,-5.231612936135251,0.304514488854562,1.154610689900652,4.993926696531646,12.473722372491261,-0.789891759112951,-4.787088470347475,-10.178532539706783,-3.2548490785085047,-5.459505265567634,-10.963115759655432,15.331399305882814,-16.112513233174763,-1.2487310445148667,6.176044282429514,3.0190856223144715,-5.312027920946324,-7.505326260564681,-9.691768700738024,1.4291035887978325,-0.49739591866589183,5.156964709847213,-4.945292389646838,1.9341609822313863,1.513140130759168,-3.8363528115572616,-5.902861077351356,9.143941287289238,1.1740595345499005,0.7676284511355135,0.6124060748830344,-6.800246641728559,-14.474966916615115
squirrel,-13.481317433113423,10.589298787945248,-17.00561319141117,-0.46431541698379974,-16.180107988316372,-11.257623256041073,-8.81174598150672,7.228608290032155,-3.297903240082711,7.535636732817213,10.368241012699015,-16.81938097973737,2.170327624157836,-16.48176595561245,-17.53002627702629,-5.316231435038216,-3.920228598985108,-8.118276222025274,-14.11547107475158,14.384497658181278,0.08173373227597744,-6.258498484049491,-3.7526008789363092,-13.170921524764951,13.348400032996594,3.2902244980099487,-5.417056527542706,-3.851686412438565,-15.086702974737173,-2.0467379665347,-8.492994859923428,12.894336978168168,-0.20993919077985151,-3.769405126633425,-10.223383176664683,-0.8556707127080001,-0.8891035437453536,-3.9340406402867405,-8.079189244694161,-3.645107478348886
submarine,-13.559476239972009,10.465001635777162,30.928221864529522,-13.662834957528661,15.776013372700707,-2.8462242218497082,15.9577070573165,-15.225837490699588,-3.9195361980591135,-23.839019996511386,7.697291098975877,4.37802182978187,-34.80400233798523,-6.172942557703892,9.409058130579638,39.53737843489323,29.318829799851386,-8.483478686514944,6.206250148613653,-27.91240580384886,-10.019633667415965,-3.0200507032899857,-3.419679671161676,-29.870940748577045,3.2470044426292426,11.073621570385313,15.484162637962646,6.833732464670504,-30.39936798895179,-10.586641069933691,-5.559058081140126,30.482366137560792,-27.75274231356265,-17.274386422336452,-14.46918502181566,-5.602576430656717,-0.15873359563271558,-2.2367509664089678,2.657349360906316,-28.3917042952127
tiger,-10.006324225560741,9.802809597846574,2.265839789676793,-11.223787338014706,4.325687420155887,-7.519739722450521,3.852584214232214,9.008757515689794,15.730560799487193,2.171054815855018,11.07828628238768,2.4843690110562604,11.740000264786897,15.746043855792085,4.545102179729503,-29.423781192265494,-0.2954360176004583,22.166586006263696,-36.67885655484922,-1.0718861505893258,-6.0808311355937725,5.791723480249253,-24.070483637767524,12.674861913490265,1.175689656111594,16.27799267715897,17.839025787348326,2.1532865580929923,8.602575595153946,-6.197168100432289,8.411679287586923,6.6675496614389385,34.25986898008984,-4.722904143352351,-21.485738982961145,-22.814436609775907,-7.484092348947613,-14.583106112282238,8.328554238621354,27.21086549176763
toaster,-5.449350491767775,-1.4789965884092222,6.3458535689352695,-1.1145387679216618,-5.442667854829996,4.991402856861654,-4.567310475984492,-5.032539836625687,-0.4734531548133199,-0.9316303684243054,9.654995065440714,2.7277302500862497,-11.071601586232054,-2.806494184594633,-2.3024467026704585,-5.156628409808759,-3.7912197423295937,-9.764879795412577,12.52885870183201,-9.976328309400506,-5.30531354058341,1.8452891281270523,-2.1589845841156703,-7.839496519758619,-1.7174630797513253,-7.2483235672633555,-9.959062582190217,-0.6853611222640777,4.041007827975275,-2.052567666645519,7.519392845543431,-2.5639005302705047,-9.676106715395647,1.4344762686102333,-0.46486236546415854,1.2172856287050102,6.748716234030926,7.088609593428252,0.6675696981170658,-11.02058451244763
towel,4.644838492428239,7.87632437415597,1.3844619337139734,-3.2522932413183603,-2.240388112827101,5.2323763609502345,-2.537466075030045,5.909892382673202,-2.14786395367681,-2.638118712833916,-1.2148976787252994,-6.723580122544223,-5.595607090869599,-4.044545585840491,0.46320974074965365,-0.9691534415922325,-3.599811431710855,-4.093194900846052,4.718210650236421,-7.875547691779307,-5.209881395414645,-10.00458217985139,2.518225524401737,-6.428822636137543,-2.0124214235633486,-12.25610560700838,-6.625038417523672,1.0380422107331573,4.674860934598022,-7.166370505248896,0.39763465496720024,-6.216742855549361,-6.561640543272095,7.397673927912286,-1.4017735408204481,15.93838926616228,7.902569232949176,4.27911745873306,0.17674293559088025,-4.3223905525889235
tractor,-7.700807569919283,-16.01942937794562,17.547193550949242,-2.234469467207835,4.26369006610654,2.1059518532700165,-5.901231060995737,8.052219820190757,-14.850511687694139,16.514417268920354,0.38758786002676904,5.070431412876216,5.053469826424781,-5.399808481301505,-17.5844517276591,8.477900982792123,-7.213093695733701,-7.812604279819059,9.991502510900107,-10.755210887016963,5.72187971839851,-11.876990079234634,-5.259371917122942,4.982979047303045,9.854590018997655,-9.853257944050727,-8.02066707649222,25.403707871149933,-5.13696116605091,4.9097879650607705,11.507609895438739,9.782048678490144,-19.19043775869401,-29.965320889450755,2.583165885013807,3.910696871449547,-2.843858825322577,8.205986107878612,-16.736245958925316,5.781829319356511
train,5.268268540674774,-12.118480018937644,6.184801710934309,-3.839679361679311,6.595029387071821,-0.5275722026508154,2.3204129198429184,-1.678133224540028,8.92611308143571,-3.4990820709372956,16.19959759835556,9.349867457502235,-6.594646230949374,-10.30457323328827,13.323836788437688,4.154183139145696,33.57765633571153,-12.09383955601306,28.673410385556707,-17.52781595794529,-15.350486787105654,4.0927439577784215,6.184105289162823,-1.985345032569812,35.52004760480489,-28.839455810405557,-31.244561836275395,23.28570429076932,10.227198676507046,1.3243280512556628,-30.120556027323673,13.839025923762936,2.5705456983805406,-33.924629435137945,-0.6237896159550322,2.857591021473101,-4.201224754214228,10.708405337244242,3.128735236830926,28.14903081163596
truck,-1.5853576076020968,1.233230346472736,-2.0262654911526337,-1.6354720644457756,-0.1092476459865899,5.087889625952633,1.3380450410833247,-3.6214815720231193,-8.63265526964976,4.884346792513147,6.730383456654167,-4.023515883013003,-5.63830924953736,-3.569748406522592,-0.8004017677800783,4.761482382810425,6.825481860108412,3.227893436008643,5.506715539661173,1.4182550306629582,-5.178836985242183,-0.8782398590544294,-1.1178969480555443,-2.039912364687386,1.115160431370584,-4.169578720400089,-6.383098941533071,10.987827062540779,3.7972156080417965,-12.562610861306185,3.084318453787825,-1.0813437367414516,-5.338532580518156,-2.3971864824518674,-3.340413990217201,5.933331677555732,2.514378815014919,3.0727532570394143,-9.30162894380677,-6.278861832479194
turtle,-10.919909239697747,-3.4801779408585647,-25.810897297656613,1.8432813865867606,1.2079173466261797,32.609858480361346,2.453741312131285,-10.190630784197188,-0.19219550945929828,-10.75193732766327,14.615265828221954,-6.289353405340177,1.0441900389106962,-2.972675415165737,15.39296473882013,3.0806080032008296,14.305436238433947,-21.737281839771118,-17.087830376618637,19.28008967392466,6.056124143001128,-23.082063482216615,-20.20088861951811,-9.83791207317721,-19.84579045009457,-2.081453465825084,24.47211113442915,-13.806995009939474,7.639039084964133,22.233470530696128,19.429087727138317,9.876954314411872,-6.1912791438363906,6.836566562624848,9.337136397017712,22.479449898073522,-14.540269377526991,3.8587872155044356,20.00219480015741,29.146927443854032
violin,-3.4475794163672764,4.062865682189243,6.9519001722948115,11.310122680275539,13.10543307798383,-6.096562975774028,8.997789833921763,20.1879600873392,10.515089211606762,5.756678867058138,11.294313175214377,14.524476633471778,-14.709208736412485,-3.5663317613168184,-6.260764317964382,-1.6351590950016972,-7.427806032556453,-12.870304820447377,3.350136844326545,-13.97897855129868,-14.112723618865338,6.285436935922568,-18.180786624758394,5.8844939593687124,-10.677492309954632,15.196496210093615,2.5010544150381695,-9.510499012164049,10.619655989383707,-9.459716121039524,-13.059613180204105,-13.874653590857708,-20.185582340763684,-8.390584776892197,12.566498134400906,4.260728196872911,3.8987606733823,16.91975626445538,-10.225716453319329,4.926665280897598
wasp,-1.9634124930284689,1.0456524728481271,-4.98978062577047,0.3573647899350108,0.14162531830468794,-0.27657683129090627,-2.446339399576064,-1.9484148948712432,-3.134690751745111,4.4328940036101185,6.036230584365187,2.9653042908450433,-2.4699428564683075,-2.813991565654274,-0.3921821602554716,1.8449897093817869,1.0346935704915015,0.0025771786915160717,6.684501388915185,5.0715158738849935,2.092513689654041,-2.7161897438593985,1.456453446016056,-3.702958359933228,-4.292943982300224,-4.036702479808929,-5.695983237554408,3.3284024203596436,5.262920283445641,-10.806938896460665,4.509283801590937,-5.275649604330651,-4.5393664148070485,1.2405142736227106,1.3547886883389877,4.218707811043653,7.808479769219633,4.8727455013333865,-5.784978185546044,-9.029540822353962
whale,1.0179874554990775,8.34657774386268,-14.992794164138992,9.080847911187016,-11.8711586692191,7.778791706650561,-5.859560426666724,-3.3926248658133047,-13.672184655234544,-8.621445861200757,-3.393912495544434,2.2731183557628256,-5.450514895471556,6.932179054566186,-2.4567565770570523,-4.199812548168235,8.189417529619092,3.445654364015143,-0.5393351461659822,0.7220744714944012,10.632285948788011,-3.425071160492562,2.612163116996669,9.65389195177991,-0.5095714007836551,3.930472588899938,2.656736090145812,0.2476209572877954,6.129228052881261,-20.603243978103784,-9.870444641680768,-4.949569537491772,-2.5663053713776582,-3.816161017135518,-12.752152324073137,2.94704192694681,-7.904174746229592,-1.2630894419199803,-1.707694906679311,-4.654945486564309
wheelbarrow,2.6828172023731147,1.9226674558456347,-6.465902759406534,-1.518517286729338,0.6390386749133208,3.729165720216672,-0.39311881041802993,-2.568887548889502,-5.593296634079744,5.45575971082334,4.414068126190035,-1.1088283159319232,-0.6840220930452167,-4.045576570350712,1.9558823338918263,-0.7410021075894172,-1.3753870532285066,2.0710413266539764,0.09994534586233436,6.400032416017411,0.48075606644806446,-2.2186570742329588,-2.45729046072251,-3.891972743894543,-0.7552005554919522,-4.642513518176725,-8.37150449846962,7.372462365452462,5.746589976762,-10.601808002596789,1.2296556244046088,-1.9440605396772819,-8.47839799411874,-0.35253310217763123,-0.9957406538183784,6.926003208355654,6.977714956262952,1.2478539431579239,-7.484502335838438,-12.539176738936607
wolf,41.57285124156027,14.279636944427223,14.21297472016746,-5.648082493054119,-29.0552097223783,6.613442508444415,12.591461132443381,16.79223484079558,-0.8944769557968454,-25.008205391487735,-23.910074921045723,10.580468287782983,13.044592421724865,-2.2997349244225314,-24.510730680540966,-29.062082018060252,20.447985955627537,26.215697578286903,-25.293423453447275,14.905348566268009,1.0381976564258395,14.693287677939992,22.38967974808933,-5.211236722465314,-7.121105222973503,-9.211007358753882,22.40355611212516,17.41530088534651,-13.03215310097966,27.90400822325978,-15.608088486301945,6.8481250066712045,37.75105094302582,13.201292001934867,8.915076309609294,4.592608825035625,-12.06374466801144,-12.142471326402372,21.27175879421624,22.060462148104413
worm,-20.527954097534103,12.259008344730157,-10.023517385443881,11.882455855403071,3.514452609634394,14.645210311528473,-14.84247432634792,-13.715249735581967,-1.6656021244226735,1.6968683871226078,-12.160374839673153,17.574028465215072,1.5924157626497695,1.0379895670172663,-6.506982771995974,1.6218965941906156,-5.340232535946724,17.51361610150702,0.7739201994617492,10.30841170756111,-11.111606348511174,18.03674217751435,-15.72002158252744,-10.064828239860732,0.47463140728525727,4.943278438743878,-6.218855116684703,-5.1058826283183265,-20.544617718751987,10.182569795638265,9.55159065942617,-13.745979459386895,5.166521082851254,15.370275375843512,-0.8266059725118851,4.085053796268144,6.844263878782182,-16.63131433943861,-9.111477817588362,16.925272376616274
wrench,-7.959686986865742,6.150590165387687,7.260962287622617,4.8964005816751435,15.883194912498768,-1.5206401388810338,-6.11491995396003,0.5465785089740486,-7.5595101086686105,-6.7534506635472775,1.446697204333446,8.160646996324955,-12.962045685520987,-4.891188510633401,-8.575417567097082,-1.4894599789916516,-8.633829352040685,-4.911081090321498,20.60525443759498,-35.17016373926889,7.9545303534050085,11.976605298275949,6.792595205992557,1.0039780802242113,-7.974638773303468,-25.108352466198845,-1.6908163566041752,-4.410123345898656,5.328300550167694,3.491702736168768,2.441229163191807,7.686335344669514,-6.524979133359474,-7.060114739893733,16.563256181843208,-8.819841357357356,3.9774961154864132,8.8202366201073,0.41424332482335613,-7.143871963991918
zebra,44.219974500219244,-7.063257510381167,14.220583448497088,46.893575042182405,50.70138528025118,-32.3160077279883,-49.849969925890576,-43.31723083828989,48.77734423297664,-58.25276107194029,35.0252718719874,-16.99623552627956,-26.358726543204227,39.80872853901843,-4.89513918867882,-0.7741015618310852,-28.830667891400733,8.21702610475009,-26.677484098765255,51.012988122991814,20.927337075295423,-24.675525114550098,71.08133166494163,57.65784304333424,55.618355863915205,37.186469264500175,23.70334014513318,4.646993545400333,-50.25270214925515,31.712544293491224,-49.74122228509669,38.82414471555214,67.83141914936205,10.512036580582262,49.076125565673486,0.0678189329818022,2.780237947691604,39.36645012450706,37.22781514400564,30.80649898319464
