,0,1,2,3,4,5,6,7,8,9,10,11,12,13,14,15,16,17,18,19,20,21,22,23,24,25,26,27,28,29,30,31,32,33,34,35,36,37,38,39,40,41,42,43,44,45,46,47,48,49,50,51,52,53,54,55,56,57,58,59,60,61,62,63,64,65,66,67,68,69,70,71,72,73,74,75,76,77,78,79,80,81,82,83,84,85,86,87,88,89,90,91,92,93,94,95,96,97,98,99
airplane,0.0,0.0,0.0,0.0,0.0,0.0,0.0,0.0,0.0,0.0,59.675083,0.0,0.0,0.0,0.0,0.0,0.0,0.0,0.0,0.0,0.0,0.0,0.0,0.0,0.0,0.0,0.0,0.0,0.0,0.0,0.0,0.0,0.0,0.0,0.0,19.88058,0.0,0.0,0.0,0.0,0.0,0.0,0.0,0.0,65.562355,0.0,0.0,0.0,0.0,46.12234,0.0,0.0,0.0,0.0,23.39574,0.0,0.0,0.0,0.0,0.0,0.0,0.0,0.0,0.0,0.0,0.0,0.0,0.0,0.0,0.0,0.0,0.0,0.0,0.0,0.0,0.0,0.0,0.0,0.0,0.0,12.056074,0.0,0.0,0.0,0.0,0.0,0.0,0.0,0.0,0.0,0.0,0.0,0.0,0.0,0.0,0.0,0.0,0.0,0.0,0.0
alligator,0.0,0.0,0.0,0.0,0.0,0.0,0.0,0.0,0.0,0.0,5.645803,0.0,0.0,0.0,0.0,0.0,0.0,11.841705,0.0,0.0,0.0,0.0,0.0,0.0,0.19858932,0.0,0.0,0.0,0.0,0.0,0.0,0.0,8.434232,0.0,0.0,0.0,0.0,0.0,4.902005,0.0,0.0,0.0,0.0,0.0,0.0,0.0,0.0,0.0,0.0,0.0,0.0,0.0,0.0,0.0,37.879265,0.0,0.0,0.0,0.0,1.1253912,8.447616,0.0,0.0,0.0,0.0,0.0,0.0,0.0,0.0,15.331182,0.0,0.0,0.0,10.241824,0.0,0.0,0.0,0.0,0.0,0.0,18.791912,0.0,0.0,0.0,0.0,0.0,0.0,0.0,0.0,0.0,0.0,0.0,0.0,1.1073854,0.0,0.0,0.0,0.0,0.0,0.0
ant,16.520603,0.0,0.0,0.0,0.0,0.0,0.0,9.60059,0.0,0.0,0.0,0.0,0.0,0.0,2.6396039,0.72390056,0.0,0.0,0.0,0.0,0.0,0.0,0.0,0.0,0.0,11.405651,0.0,0.0,0.0,0.0,0.0,0.0,0.0,0.0,0.0,1.4304821,0.0,0.19092059,0.0,0.0,0.0,0.0,0.0,0.0,0.0,0.0,0.0,0.0,0.0,9.899664,0.0,13.113251,0.0,0.0,17.237133,0.0,0.0,0.0,0.0,0.0,2.6695352,0.0,0.0,0.0,0.0,0.0,0.0,0.0,0.0,0.0,4.743249,0.0,20.49765,6.496249,0.0,0.0,0.0,0.0,5.122772,0.0,0.0,0.0,0.0,0.0,0.0,0.0,1.546979,0.0,0.0,0.0,0.0,0.0,0.0,0.0,0.0,0.0,0.0,0.0,0.0,0.0
anvil,0.0,0.0,0.0,0.0,0.0,0.0,0.0,0.0,7.801181,0.0,12.403582,0.0,0.0,0.0,9.036699,0.0,0.0,3.3892558,0.0,0.0,0.0,0.0,0.0,0.0,3.9346166,5.342704,0.0,0.0,0.0,0.0,0.0,0.0,0.0,0.0,0.0,0.59516406,0.0,2.7701862,0.0,0.0,0.0,0.0,6.0818834,0.0,0.0,0.0,0.0,0.0,0.0,0.0,0.0,13.657351,0.33885658,0.0,0.0,0.0,0.0,0.0,0.0,11.493884,0.0,0.0,0.0,0.0,0.0,0.0,0.0,0.0,0.0,0.0,2.491959,0.0,0.0,0.0,0.0,0.0,0.0,0.0,0.0,0.0,13.546835,0.0,0.0,0.0,0.0,0.0,0.0,0.0,0.0,0.0,0.0,0.0,0.0,0.0,0.0,0.0,0.0,0.0,0.0,0.57443213
axe,0.24289775,0.0,0.0,0.0,0.0,0.0,0.0,0.0,7.195819,0.0,0.0,0.0,0.0,0.0,1.0252643,0.0,0.0,9.334699,0.0,0.0,0.0,0.0,0.0,0.0,0.0,18.082094,0.0,0.0,0.0,0.0,0.0,0.0,0.0,0.0,0.0,33.37652,0.0,0.0,0.64109874,0.0,0.0,0.0,11.192368,0.0,0.0,0.0,0.0,0.0,0.0,0.0,0.0,15.394367,2.5725162,0.0,1.0091991,0.0,0.0,7.701121,0.0,9.991471,0.0,0.0,0.0,0.0,0.0,0.0,9.666599,0.0,0.0,0.0,2.8127775,0.0,0.0,0.0,0.0,0.0,0.0,2.3718154,0.34574437,15.274612,7.664066,0.0,0.0,0.0,0.0,0.0,0.0,0.0,0.0,0.0,0.0,0.0,0.0,0.0,0.0,0.0,0.0,0.0,0.0,0.0
beaver,0.0,0.0,0.0,0.0,0.0,0.0,0.0,9.345412,7.565729,0.0,0.0,0.0,0.0,0.0,0.0,0.0,0.0,42.47662,0.0,0.0,5.7477674,0.0,0.0,0.0,31.01079,12.418506,0.0,0.0,0.0,0.0,0.0,0.0,0.0,0.0,0.0,0.0,0.0,0.0,21.087114,0.0,0.0,0.0,0.0,0.0,0.0,0.0,0.0,20.027273,0.0,0.11723566,0.0,0.0,0.0,0.0,6.681988,0.0,0.0,0.0,0.0,0.0,19.124079,0.0,0.0,0.0,0.0,0.0,0.0,0.0,0.0,0.0,0.0,0.0,0.0,0.0,0.0,0.0,0.0,3.812181,0.0,4.9538097,0.0,0.0,0.0,0.0,0.0,0.0,0.0,0.0,0.0,0.0,0.0,0.0,0.0,13.234931,0.0,0.0,0.0,0.0,0.0,0.0
beetle,0.0,0.0,0.0,0.0,0.0,0.0,0.0,0.20060468,0.0,0.0,26.136812,0.0,0.0,0.0,0.0,0.0,0.0,12.319906,0.0,0.0,0.0,0.0,0.0,0.0,0.0,5.8440685,0.0,0.0,0.0,0.0,0.0,0.0,16.423874,1.8755877,0.0,0.0,0.0,4.0900245,9.985175,0.0,0.0,0.0,0.0,0.0,0.0,0.0,7.580966,0.0,0.0,0.0,0.0,0.0,1.3276204,0.0,0.0,0.0,0.0,4.512696,0.0,0.0,0.8829255,0.0,0.0,0.0,0.0,0.0,2.8271947,0.0,0.0,1.4569738,10.581684,0.0,38.096622,0.0,0.0,0.0,0.0,0.0,0.0,13.886588,5.230738,0.0,0.0,0.0,0.0,0.0,6.9169626,0.0,0.0,0.0,0.0,0.0,0.0,0.0,0.0,0.0,0.0,0.0,0.0,0.0
bicycle,0.0,0.0,0.0,0.0,0.0,0.0,0.0,0.0,28.889265,0.0,0.0,0.0,0.0,0.0,0.0,0.0,0.0,0.0,0.0,0.0,11.1175785,0.0,0.0,0.0,0.0,0.0,0.0,0.0,0.0,0.0,0.0,0.0,0.0,0.0,0.0,0.0,0.0,0.0,0.0,0.0,0.0,0.0,0.0,0.0,0.0,0.0,8.691109,0.0,0.0,6.376195,0.0,2.036553,0.0,0.0,36.401455,0.0,0.0,92.739044,0.0,0.0,0.0,0.0,0.0,18.69189,0.0,0.0,0.0,0.0,0.0,0.0,0.0,0.0,22.236181,0.0,0.0,0.0,0.0,0.0,0.0,25.820107,49.33364,0.0,0.0,0.0,0.0,0.0,0.0,0.0,0.0,0.0,0.0,0.0,0.0,0.0,0.0,0.0,0.0,0.0,0.0,0.0
bison,0.0,0.0,0.0,0.0,18.219587,0.0,0.0,5.8431196,0.0,0.0,0.0,0.0,0.0,0.0,0.0,2.6338363,0.0,15.0566025,0.0,0.0,41.735428,0.0,0.0,0.0,33.353283,0.0,0.0,0.0,0.0,0.0,0.0,0.0,27.811117,0.0,0.0,0.0,0.0,0.0,0.0,0.0,0.0,0.0,0.0,0.0,0.0,0.0,0.0,0.0,0.0,0.0,0.0,0.0,0.0,0.0,0.0,0.0,0.0,0.0,0.0,0.0,0.0,0.0,0.0,0.0,0.0,0.0,0.0,0.0,0.0,22.552843,0.0,0.0,0.0,0.0,0.0,0.0,0.0,35.00823,0.0,0.0,0.0,0.0,0.0,0.0,0.0,0.0,0.0,0.0,0.0,0.0,11.354593,0.0,0.0,0.0,0.0,0.0,0.0,0.0,0.0,0.0
boat,0.0,0.0,0.0,0.0,0.0,0.0,0.0,0.0,0.0,0.0,0.88687897,0.0,0.0,0.0,1.8400617,0.0,0.0,1.6926695,0.0,0.0,1.7990539,0.0,0.0,0.0,1.2218568,1.1269994,0.0,0.0,0.0,0.0,0.0,0.0,0.0,0.0,0.0,4.456145,0.0,1.2315824,3.2465706,0.0,0.0,0.0,0.6857276,0.0,0.957425,0.0,0.0,0.0,0.0,0.87266946,0.0,4.6250625,0.0,0.0,0.0,0.0,0.0,0.0,0.0,5.6756,0.0,0.0,0.0,2.052622,0.0,0.0,0.3091936,0.0,0.0,0.44714236,3.5965517,0.0,0.0,3.2746797,0.0,0.0,0.0,0.0,0.0,0.07396603,1.1297011,0.0,0.0,0.0,0.0,0.0,0.0,0.0,0.0,0.0,2.9557528,0.0,0.0,2.333806,0.0,0.0,0.0,0.0,8.980937,3.569163
bottle,0.0,0.0,0.0,0.0,0.0,0.0,0.0,0.0,0.0,0.0,0.0,0.0,0.0,0.0,0.0,0.0,0.0,0.0,0.0,0.0,0.0,0.0,0.0,0.0,0.0,0.0,0.0,0.0,0.0,0.0,0.0,0.0,0.0,0.0,0.0,0.7244046,0.0,0.0,0.0,17.699972,0.0,0.0,11.4199295,0.0,0.0,0.0,9.681286,0.0,0.0,0.0,0.0,8.450666,0.0,0.0,0.0,0.0,0.0,0.0,0.0,0.0,0.0,0.0,0.0,38.033752,0.0,0.0,0.0,0.0,0.0,0.0,30.475353,0.0,0.0,5.159669,0.0,0.0,0.0,0.0,0.0,0.0,4.179252,0.0,0.0,0.0,0.0,0.0,0.0,0.0,0.0,0.0,0.0,0.0,0.0,1.8346248,0.0,0.0,0.0,0.0,0.0,6.6745815
bowl,0.0,0.0,0.0,0.0,0.0,0.0,0.0,0.0,0.0,0.0,0.0,0.0,0.0,0.0,13.308357,0.0,0.0,7.338566,0.0,0.0,44.121994,0.0,0.0,0.0,0.0,0.0,0.0,0.0,0.0,0.0,0.0,0.0,0.0,0.0,0.0,0.0,0.0,26.176514,0.0,13.896048,0.0,0.0,0.62370205,0.0,0.0,0.0,1.3399017,0.0,0.0,14.118571,0.0,7.790417,0.0,0.0,0.0,0.0,0.0,0.0,0.0,0.0,0.0,0.0,0.0,4.794708,0.0,0.0,0.0,0.0,0.0,0.0,1.5507998,0.0,0.0,0.0,0.0,0.0,0.0,0.0,6.2499914,0.0,7.5836163,0.0,0.0,0.0,0.0,0.0,0.0,0.0,0.0,0.0,0.0,0.0,0.0,11.094932,0.0,0.0,0.0,0.0,0.0,0.0
bumblebee,33.98809,0.0,0.0,0.0,0.0,0.0,0.0,0.0,0.0,0.0,0.0,0.0,0.0,0.0,0.0,0.0,0.0,15.626101,0.0,0.0,0.0,0.0,0.0,0.0,0.0,0.0,0.0,0.0,0.0,0.0,0.0,0.0,0.0,0.0,0.0,0.0,0.0,0.0,0.0,0.0,0.0,0.0,0.0,0.0,0.0,0.0,0.0,0.0,0.0,0.0,0.0,0.0,5.519185,0.0,0.0,0.0,0.0,0.0,0.0,0.0,4.6033883,0.0,0.0,0.0,0.0,0.0,0.0,0.0,0.0,0.0,0.0,0.0,0.0,0.0,0.0,0.0,0.0,0.0,0.0,29.8219,0.0,0.0,0.0,0.0,0.0,0.0,78.71843,0.0,0.0,0.0,30.759779,0.0,0.0,0.0,0.0,0.0,0.0,0.0,0.0,0.0
bus,0.0,0.0,0.0,0.0,0.0,0.0,0.0,0.0,0.0,0.0,0.0,0.0,0.0,0.0,0.0,0.0,0.0,0.0,0.0,0.0,66.04375,0.0,0.0,0.0,0.0,0.0,0.0,0.0,0.0,0.0,0.0,0.0,0.0,0.0,0.0,0.0,0.0,0.0,0.0,0.0,0.0,0.0,0.0,0.0,0.0,0.0,14.521968,0.0,0.0,0.0,0.0,0.0,0.0,0.0,44.890827,0.0,0.0,0.0,0.0,0.0,0.0,0.0,0.0,0.0,0.0,0.0,0.0,0.0,0.0,0.0,0.0,0.0,0.0,0.0,0.0,0.0,0.0,0.0,0.0,0.0,0.0,0.0,0.0,0.0,0.0,0.0,0.0,0.0,0.0,0.0,0.0,0.0,0.0,0.0,0.0,0.0,0.0,0.0,33.73507,0.0
car,0.0,0.0,0.0,0.0,0.0,0.0,0.0,0.0,0.0,0.0,6.528842,0.0,0.0,0.0,0.0,0.05182028,0.0,8.179788,0.0,0.0,7.6502953,0.0,0.0,0.0,0.71136236,0.0,0.0,0.0,0.0,0.0,0.0,0.0,0.0,0.0,0.0,0.0,0.0,13.016817,0.0,3.6126456,0.0,0.0,0.0,0.0,0.0,0.0,0.0,0.0,0.0,0.0,0.0,0.0,0.0,0.0,0.0,0.0,0.0,0.0,0.0,0.0,0.0,0.0,0.0,3.3302288,0.0,0.0,0.0,0.0,0.0,0.0,0.0,0.0,0.0,0.0,0.0,0.0,0.0,0.0,0.0,0.0,0.0,0.0,0.0,0.0,0.0,0.0,0.0,0.0,0.0,0.0,0.0,0.0,0.0,2.819438,0.0,0.0,0.0,0.0,18.688606,42.301037
cat,0.0,0.0,0.0,0.0,0.0,0.0,0.0,0.0,2.8109992,0.0,0.0,0.0,0.0,0.0,1.1642251,0.0,0.0,0.0,0.0,0.0,0.0,0.0,0.0,0.0,17.977938,3.6141975,0.0,0.0,0.0,0.0,0.0,0.0,5.507496,1.403326,0.0,0.0,0.0,0.0,8.6363735,0.0,0.0,0.0,3.741798,0.0,0.0,0.0,0.0,0.0,0.0,0.0,0.0,0.0,1.7648814,0.0,0.0,0.0,0.0,0.0,0.0,0.0,0.0,0.0,0.0,0.0,0.0,0.0,0.0,0.0,0.0,0.0,0.0,0.0,0.0,36.456074,0.0,0.0,0.0,0.0,8.931948,2.7894812,0.0,0.0,0.0,0.0,0.0,0.0,0.0,0.0,0.0,0.0,36.566654,0.0,0.0,0.0,0.0,0.0,0.0,0.0,0.0,6.647093
caterpillar,13.794737,0.0,0.0,0.0,0.0,0.0,0.0,4.467126,0.0,0.0,0.0,0.0,0.0,0.0,0.0,0.47628736,0.0,2.1611588,0.0,0.0,0.0,0.0,0.0,0.0,0.0,0.0,0.0,0.0,0.0,0.0,0.0,0.0,0.0,21.832409,0.0,18.630806,0.0,0.0,0.0,0.0,0.0,0.0,0.0,0.0,0.0,0.0,0.0,0.0,0.0,0.0,0.0,0.0,0.0,0.0,9.987293,0.0,0.0,0.0,0.0,0.0,0.0,0.0,0.0,0.0,0.0,0.0,0.0,0.0,0.0,0.0,0.0,0.0,1.994837,23.819931,0.0,0.0,0.0,0.0,1.5658329,10.692737,0.0,0.0,0.0,0.0,0.0,0.0,0.0,0.0,0.0,0.0,0.0,0.0,0.0,0.0,0.0,0.0,0.0,0.0,0.0,0.0
chameleon,0.0,0.0,0.0,0.0,0.0,0.0,0.0,0.0,0.0,0.0,1.6243219,0.0,0.0,0.0,0.0,0.0,0.0,0.0,0.0,0.0,0.0,0.0,0.0,0.0,0.0,0.0,0.0,0.0,0.0,0.0,0.0,0.0,2.0743697,0.0,0.0,0.0,0.0,0.0,7.7084475,0.0,0.0,0.0,20.909733,0.0,0.0,0.0,0.0,0.0,0.0,0.0,0.0,12.182451,1.1031334,0.0,0.0,0.0,0.0,0.0,0.0,0.0,0.0,0.0,0.0,0.0,0.0,0.0,0.0,0.0,0.0,1.0269899,1.9220881,0.0,2.7476366,0.0,0.0,0.0,0.0,0.0,7.300807,6.794999,0.0,0.0,0.0,0.0,0.0,0.0,0.0,0.0,0.0,0.0,0.0,0.0,0.0,0.0,0.0,0.0,0.0,0.0,0.0,0.0
clarinet,16.347775,0.0,0.0,0.0,0.0,0.0,0.0,0.0,16.110727,0.0,9.881922,0.0,0.0,0.0,0.0,0.0,0.0,0.0,0.0,0.0,0.0,0.0,0.0,0.0,0.0,0.0,0.0,0.0,27.527115,0.0,0.0,0.0,0.0,11.974474,0.0,45.694454,0.0,0.0,28.93532,15.402191,0.0,0.0,0.0,0.0,0.0,0.0,2.901489,14.835298,0.0,0.0,0.0,0.0,0.0,0.0,4.944147,0.0,0.0,9.357878,0.0,11.438279,0.0,0.0,0.0,28.527494,0.0,0.0,0.0,0.0,0.0,0.0,0.0,0.0,0.0,32.128937,0.0,0.0,0.0,0.0,5.2122517,0.0,0.0,0.0,0.0,0.0,0.0,0.0,0.0,0.0,0.0,0.0,0.0,0.0,0.0,0.0,0.0,0.0,0.0,0.0,0.0,0.0
cockroach,1.833986,0.0,0.0,0.0,0.0,0.0,0.0,0.0,2.7268887,0.0,0.0,0.0,0.0,0.0,0.42921162,14.243075,0.0,0.0,0.0,0.0,0.0,0.0,0.0,0.0,0.0,2.1147037,0.0,0.0,0.0,0.0,0.0,0.0,0.0,0.15564513,0.0,0.0,0.0,0.0,0.0,4.3943973,0.0,0.0,0.08737564,0.0,0.0,0.0,0.0,0.2991686,0.0,3.054191,0.0,6.111869,3.0905282,0.0,1.005477,0.0,0.0,0.0,0.0,0.0,4.822762,0.0,0.0,0.0,0.0,0.0,0.0,0.0,0.0,3.3878274,3.1568842,0.0,9.873777,2.3633826,0.0,0.0,0.0,2.7084174,4.959284,0.0,4.824938,0.0,0.0,0.0,0.0,0.0,0.40213895,0.0,0.0,0.0,3.6631887,0.0,0.0,0.0,0.0,0.0,0.0,0.0,0.0,1.7010986
cow,10.054674,0.0,0.0,0.0,0.0,0.0,0.0,0.0,0.0,0.0,3.6532407,0.0,0.0,0.0,27.683445,8.269825,0.0,6.55208,0.0,0.0,0.0,0.0,0.0,0.0,5.0636525,0.0,0.0,0.0,0.0,0.0,0.0,0.0,0.0,0.0,0.0,0.0,0.0,0.0,0.0,0.0,0.0,0.0,0.0,0.0,0.0,0.0,0.0,0.0,0.0,0.0,0.0,0.78106976,0.0,0.0,0.0,0.0,0.0,0.0,0.0,2.3149853,0.0,0.0,0.0,0.0,0.0,0.0,0.0,0.0,0.0,0.0,0.0,0.0,0.0,0.0,0.0,0.0,0.0,4.052308,0.0,0.0,0.0,0.0,0.0,0.0,0.0,0.0,0.0,0.0,0.0,0.0,5.850729,0.0,0.0,9.907803,0.0,0.0,0.0,0.0,0.0,0.0
crocodile,2.3215563,0.0,0.0,0.0,0.0,0.0,0.0,0.0,0.0,0.0,5.7185187,0.0,0.0,0.0,0.0,0.0,0.0,2.8666165,0.0,0.0,0.0,0.0,0.0,0.0,7.364656,1.2115982,0.0,0.0,0.0,0.0,0.0,0.0,0.0,0.0,0.0,0.0,0.0,0.0,0.0,3.228789,0.0,0.0,4.5769258,0.0,0.0,0.0,0.0,0.15234685,0.0,0.0,0.0,0.0,0.0,0.0,38.149433,0.0,0.0,0.0,0.0,5.5956354,6.806001,0.0,0.0,0.0,0.0,0.0,0.0,0.0,0.0,11.50829,0.0,0.0,0.0,3.5303028,0.0,0.0,0.0,0.35291648,0.0,0.0,8.211353,0.0,0.0,0.0,0.0,0.0,0.0,0.0,0.0,0.0,0.0,0.0,0.0,0.0,0.0,0.0,0.0,0.0,0.0,0.0
crowbar,2.7167368,0.0,0.0,0.0,0.0,0.0,0.0,0.0,0.0,0.0,1.1148496,0.0,0.0,0.0,0.6812589,0.0,0.0,0.0,0.0,0.0,0.0,0.0,0.0,0.0,0.0,11.65192,0.0,0.0,0.0,0.0,0.0,0.0,0.0,0.0,0.0,9.819473,0.0,2.6751022,0.0,0.0,0.0,0.0,2.343496,0.0,0.0,0.0,0.0,0.0,0.0,9.308635,0.0,1.8183129,0.0,0.0,3.0410094,0.0,0.0,0.0,0.0,0.0,0.0,0.0,0.0,0.06696701,0.0,0.0,7.213699,0.0,0.0,0.0,2.6499367,0.0,3.5061479,0.2537923,0.0,0.0,0.0,0.0,0.0,0.0,0.0,0.0,0.0,0.0,0.0,0.0,0.0,0.0,0.0,0.0,0.0,0.0,0.0,0.0,0.0,0.0,0.0,0.0,0.0,3.3196917
cymbals,0.0,0.0,0.0,0.0,0.0,0.0,0.0,0.0,11.37528,0.0,0.0,0.0,0.0,0.0,0.0,0.0,0.0,0.0,0.0,0.0,3.7393448,0.0,0.0,0.0,0.0,0.0,0.0,0.0,0.0,0.0,0.0,0.0,0.0,1.834055,0.0,0.0,0.0,12.64753,0.0,0.0,0.0,0.0,0.0,0.0,0.0,0.0,0.59042907,0.0,0.0,0.0,0.0,0.0,0.0,0.0,0.0,0.0,0.0,0.0,0.0,0.0,0.0,0.0,0.0,5.438595,0.0,0.0,0.18408227,0.0,0.0,0.0,0.0,0.0,1.7818296,0.0,0.0,0.0,0.0,0.0,19.615355,7.831002,4.3677363,0.0,0.0,0.0,0.0,0.0,0.0,0.0,0.0,0.0,0.0,0.0,0.0,4.4636383,0.0,0.0,0.0,0.0,0.0,0.0
deer,12.995682,0.0,0.0,0.0,0.0,0.0,0.0,0.0,0.0,0.0,8.934481,0.0,0.0,0.0,0.0,8.885023,0.0,7.707616,0.0,0.0,0.0,0.0,0.0,0.0,7.829366,0.0,0.0,0.0,0.0,0.0,0.0,0.0,0.0,0.0,0.0,0.0,0.0,0.0,3.2360623,0.0,0.0,0.0,0.0,0.0,1.4799664,0.0,0.0,0.0,0.0,0.0,0.0,10.517277,0.0,0.0,0.0,0.0,0.0,13.0319,0.0,0.0,0.0,0.0,0.0,0.0,0.0,0.0,0.0,0.0,0.0,0.0,0.0,0.0,0.0,0.0,0.0,0.0,0.0,36.05476,0.0,0.0,0.23776054,0.0,0.0,0.0,0.0,0.0,0.0,0.0,0.0,0.0,0.0,0.0,0.0,0.0,0.0,0.0,0.0,0.0,0.0,0.0
dog,0.72672224,0.0,0.0,0.0,0.0,0.0,0.0,0.0,6.630972,0.0,4.5798235,0.0,0.0,0.0,7.5268826,0.0,0.0,0.0,0.0,0.0,0.0,0.0,0.0,0.0,0.0,1.679749,0.0,0.0,0.0,0.0,0.0,0.0,0.0,0.0,0.0,1.2378571,0.0,0.0,2.933344,0.0,0.0,0.0,0.0,0.0,13.699066,0.0,2.456626,9.45677,0.0,0.0,0.0,0.0,31.52256,0.0,2.8399148,0.0,0.0,0.754534,0.0,29.027853,0.0,0.0,0.0,6.748706,0.0,0.0,0.0,0.0,0.0,0.0,15.731256,0.0,6.99829,0.0,0.0,0.0,0.0,0.0,0.0,0.0,0.0,0.0,0.0,0.0,0.0,0.0,0.0,0.0,0.0,0.0,29.889572,0.0,0.0,91.980446,0.0,0.0,0.0,0.0,0.0,0.96816134
dolphin,0.0,0.0,0.0,0.0,0.0,0.0,0.0,0.0,0.0,0.0,1.558527,0.0,0.0,0.0,0.0,0.0,0.0,0.0,0.0,0.0,0.0,0.0,0.0,0.0,0.0,63.199493,0.0,0.0,0.0,0.0,0.0,0.0,13.049722,0.0,0.0,0.0,0.0,0.0,0.0,76.626526,0.0,0.0,0.0,0.0,0.0,0.0,0.0,0.0,0.0,0.0,0.0,0.0,0.0,0.0,0.0,0.0,0.0,0.0,0.0,0.0,0.0,0.0,0.0,0.0,0.0,0.0,0.0,0.0,0.0,0.0,7.446575,0.0,0.0,0.0,0.0,0.0,0.0,0.0,0.0,0.0,0.0,0.0,0.0,0.0,0.0,0.0,0.0,0.0,0.0,0.0,0.0,0.0,0.0,0.0,0.0,0.0,0.0,0.0,0.0,0.0
donkey,0.0,0.0,0.0,0.0,0.0,0.0,0.0,5.1567907,0.0,0.0,7.203616,0.0,0.0,0.0,17.219273,9.13826,0.0,0.0,0.0,0.0,2.8575244,0.0,0.0,0.0,12.812996,0.0,0.0,0.0,0.0,0.0,0.0,0.0,0.0,0.0,0.0,0.0,0.0,0.0,2.22039,0.0,0.0,0.0,0.0,0.0,0.0,0.0,1.2583432,0.0,0.0,0.0,0.0,0.0,0.0,0.0,0.0,0.0,0.0,7.9690332,0.0,11.432868,0.0,0.0,0.0,0.0,0.0,0.0,0.0,0.0,0.0,0.0,8.801289,0.0,0.0,0.0,0.0,0.0,0.0,0.64262915,0.0,0.0,0.0,0.0,0.0,0.0,0.0,0.0,0.0,0.0,0.0,0.0,3.1367543,0.0,0.0,0.0,0.0,0.0,0.0,0.0,2.3956902,0.0
drum,0.0,0.0,0.0,0.0,0.0,0.0,0.0,0.0,0.0,0.0,6.4522243,0.0,0.0,0.0,19.099829,1.1205611,0.0,0.0,0.0,0.0,0.0,0.0,0.0,0.0,0.0,0.0,0.0,0.0,0.0,0.0,0.0,0.0,0.0,0.0,0.0,0.0,0.0,12.190891,21.794554,7.560171,0.0,0.0,0.0,0.0,12.617342,0.0,44.424942,0.0,0.0,7.9584103,0.0,0.0,0.0,0.0,0.0,0.0,0.0,0.0,0.0,0.0,0.663625,0.0,0.0,24.159151,0.0,0.0,0.0,0.0,0.0,0.0,0.0,0.0,0.0,0.0,0.0,0.0,0.0,0.0,1.4513761,0.0,4.750965,0.0,0.0,0.0,0.0,0.0,14.48421,0.0,0.0,0.0,0.0,0.0,0.0,0.0,0.0,0.0,0.0,0.0,0.0,0.0
earwig,0.0,0.0,0.0,0.0,0.0,0.0,0.0,5.408935,0.0,0.0,0.0,0.0,0.0,0.0,0.0,0.0,0.0,0.0,0.0,0.0,0.0,0.0,0.0,0.0,0.0,11.037737,0.0,0.0,0.0,0.0,0.0,0.0,0.0,4.798467,0.0,0.0,0.0,0.0,0.0,0.0,0.0,0.0,0.0,0.0,0.0,0.0,0.0,6.4802437,0.0,26.408337,0.0,0.0,0.0,0.0,0.0,0.0,0.0,0.0,0.0,0.0,0.0,0.0,0.0,0.0,0.0,0.0,0.0,0.0,0.0,0.0,11.3135805,0.0,20.717062,14.331812,0.0,0.0,0.0,0.0,0.0,0.0,0.0,0.0,0.0,0.0,0.0,0.0,0.0,0.0,0.0,0.0,0.0,0.0,0.0,0.0,0.0,0.0,0.0,0.0,0.0,0.0
elephant,0.0,0.0,0.0,0.0,0.0,0.0,0.0,17.869024,0.0,0.0,7.5045853,0.0,0.0,0.0,1.524672,9.041595,0.0,12.884597,0.0,0.0,4.5065355,0.0,0.0,0.0,0.0,0.0,0.0,0.0,0.0,0.0,0.0,0.0,8.008879,0.0,0.0,0.0,0.0,0.0,28.54257,0.0,0.0,0.0,0.0,0.0,0.0,0.0,0.0,0.0,0.0,0.0,0.0,0.0,9.91658,0.0,0.8450594,0.0,0.0,2.527371,0.0,83.71744,0.0,0.0,0.0,0.0,0.0,0.0,0.0,0.0,0.0,0.0,31.366877,0.0,0.0,0.0,0.0,0.0,0.0,14.385702,0.0,0.0,0.0,0.0,0.0,0.0,0.0,0.0,0.0,0.0,0.0,0.0,0.0,0.0,0.0,0.0,0.0,0.0,0.0,0.0,0.0,0.0
frog,0.0,0.0,0.0,0.0,0.0,0.0,0.0,0.0,15.987169,0.0,0.0,0.0,0.0,0.0,4.888911,0.0,0.0,0.0,0.0,0.0,0.0,0.0,0.0,0.0,0.0,0.0,0.0,0.0,0.0,0.0,0.0,0.0,1.2864003,11.721871,0.0,0.0,0.0,15.8565445,3.9706132,0.0,0.0,0.0,26.363655,0.0,0.0,0.0,0.0,0.0,0.0,0.0,0.0,1.733995,0.0,0.0,0.72998285,0.0,0.0,0.0,0.0,0.0,22.178675,0.0,0.0,0.0,0.0,0.0,0.0,0.0,0.0,0.0,0.0,0.0,0.0,0.0,0.0,0.0,0.0,0.0,0.0,27.18956,2.0568256,0.0,0.0,0.0,0.0,0.0,0.0,0.0,0.0,0.0,0.0,0.0,0.0,8.246483,0.0,0.0,0.0,0.0,0.0,0.0
gecko,0.0,0.0,0.0,0.0,0.0,0.0,0.0,10.691913,0.9726503,0.0,0.0,0.0,0.0,0.0,4.243394,2.5300398,0.0,0.0,0.0,0.0,0.0,0.0,0.0,0.0,0.0,5.39876,0.0,0.0,0.0,0.0,0.0,0.0,0.0,1.2059407,0.0,0.0,0.0,0.0,1.3811677,0.0,0.0,0.0,0.0,0.0,0.0,0.0,0.0,1.7451813,0.0,0.0,0.0,2.0389297,21.372606,0.0,14.547986,0.0,0.0,0.0,0.0,0.0,13.306351,0.0,0.0,4.6140475,0.0,0.0,0.0,0.0,0.0,0.3174312,12.766466,0.0,0.0,0.0,0.0,0.0,0.0,0.0,3.6512418,0.0,0.0,0.0,0.0,0.0,0.0,0.0,0.0,0.0,0.0,0.0,0.0,0.0,0.0,0.0,0.0,0.0,0.0,0.0,0.0,0.0
glass,0.0,0.0,0.0,0.0,0.0,0.0,0.0,0.0,0.0,0.0,0.0,0.0,0.0,0.0,0.0,0.0,0.0,0.0,0.0,0.0,0.0,0.0,0.0,0.0,7.8540077,0.0,0.0,0.0,0.0,0.0,0.0,0.0,0.6267874,0.0,0.0,0.0,0.0,0.0,0.0,9.947344,0.0,0.0,14.136413,0.0,1.8959141,0.0,12.063131,0.0,0.0,0.0,0.0,6.6658573,0.0,0.0,0.0,0.0,0.0,0.0,0.0,5.0408335,0.0,0.0,0.0,53.823875,0.0,0.0,0.0,0.0,0.0,0.0,30.52547,0.0,0.0,5.182844,0.0,0.0,0.0,0.0,0.0,0.0,0.0,0.0,0.0,0.0,0.0,0.0,0.0,0.0,0.0,0.0,0.0,0.0,0.0,0.0,0.0,0.0,0.0,0.0,0.0,14.944154
guitar,0.0,0.0,0.0,0.0,0.0,0.0,0.0,0.0,100.9861,0.0,0.88655376,0.0,0.0,0.0,0.0,0.0,0.0,0.0,0.0,0.0,0.0,0.0,0.0,0.0,0.0,0.0,0.0,0.0,0.0,0.0,0.0,0.0,0.0,0.0,0.0,11.051647,0.0,0.0,0.0,0.0,0.0,0.0,0.0,0.0,9.534172,0.0,0.0,0.0,0.0,0.0,0.0,0.0,0.0,0.0,0.0,0.0,0.0,0.0,0.0,0.0,0.0,0.0,0.0,6.2894406,0.0,0.0,41.33796,0.0,0.0,0.0,32.592617,0.0,0.0,12.754972,0.0,0.0,0.0,0.0,0.0,8.310056,0.0,0.0,0.0,0.0,0.0,0.0,0.0,0.0,0.0,0.0,0.0,0.0,0.0,0.0,0.0,0.0,0.0,0.0,0.0,2.434913
hammer,0.0,0.0,0.0,0.0,0.0,0.0,0.0,0.0,0.0,0.0,0.0,0.0,0.0,0.0,7.790671,0.0,0.0,4.811249,0.0,0.0,0.0,0.0,0.0,0.0,0.0,0.0,0.0,0.0,0.0,0.0,0.0,0.0,0.0,0.0,0.0,38.284473,0.0,5.966957,8.199011,0.0,0.0,0.0,0.0,0.0,0.0,0.0,0.0,0.0,0.0,0.0,0.0,9.102959,4.0421,0.0,0.0,0.0,0.0,0.0,0.0,0.0,0.0,0.0,0.0,0.0,0.0,0.0,12.254055,0.0,0.0,0.0,27.560242,0.0,0.0,0.0,0.0,0.0,0.0,0.0,0.0,0.0,39.498734,0.0,0.0,0.0,0.0,0.0,0.0,0.0,0.0,0.0,0.0,0.0,0.0,0.0,0.0,0.0,0.0,0.0,1.9997399,1.0706751
hamster,0.0,0.0,0.0,0.0,0.0,0.0,0.0,37.71636,2.8616116,0.0,0.0,0.0,0.0,0.0,28.577496,0.0,0.0,0.0,0.0,0.0,0.0,0.0,0.0,0.0,8.830343,0.0,0.0,0.0,0.0,0.0,0.0,0.0,0.0,0.0,0.0,0.0,0.0,0.0,0.8250556,0.0,0.0,0.0,0.0,0.0,0.0,0.0,0.0,0.0,0.0,0.0,0.0,24.946312,0.0,0.0,0.0,0.0,0.0,0.0,0.0,0.0,0.0,0.0,0.0,0.0,0.0,0.0,0.0,0.0,0.0,0.0,0.0,0.0,0.0,3.8062778,0.0,0.0,0.0,0.0,0.0,21.435764,0.0,0.0,0.0,0.0,0.0,0.0,0.0,0.0,0.0,0.0,11.245516,0.0,0.0,21.44009,0.0,0.0,0.0,0.0,0.0,0.0
hedgehog,12.134302,0.0,0.0,0.0,0.0,0.0,0.0,4.95892,0.0,0.0,0.0,0.0,0.0,0.0,0.0,47.747932,0.0,35.825825,0.0,0.0,0.0,0.0,0.0,0.0,103.32886,0.0,0.0,0.0,0.0,0.0,0.0,0.0,0.0,34.087692,0.0,0.0,0.0,0.0,14.997899,0.0,0.0,0.0,0.0,0.0,0.0,0.0,0.0,0.0,0.0,0.0,0.0,40.51792,120.71651,0.0,16.386147,0.0,0.0,0.0,0.0,0.0,62.727108,0.0,0.0,0.0,0.0,0.0,0.0,0.0,0.0,0.0,0.0,0.0,0.0,53.087276,0.0,0.0,0.0,0.0,0.0,0.0,0.0,0.0,0.0,0.0,0.0,0.0,0.0,0.0,0.0,0.0,0.0,0.0,0.0,0.0,0.0,0.0,0.0,0.0,0.0,0.0
helicopter,0.0,0.0,0.0,0.0,0.0,0.0,0.0,0.0,0.0,0.0,1.7763038,0.0,0.0,0.0,0.0,0.0,0.0,0.0,0.0,0.0,0.0,0.0,0.0,0.0,0.0,0.0,0.0,0.0,0.0,0.0,0.0,0.0,0.0,3.3826568,0.0,0.0,0.0,0.0,0.0,9.561229,0.0,0.0,0.0,0.0,20.651976,0.0,26.097467,0.0,0.0,25.71684,0.0,0.0,0.0,0.0,6.615464,0.0,0.0,10.514908,0.0,0.0,0.0,0.0,0.0,0.0,0.0,0.0,0.0,0.0,0.0,0.0,0.0,0.0,0.0,0.0,0.0,0.0,0.0,2.3065639,0.0,0.0,4.8500624,0.0,0.0,0.0,0.0,0.0,0.0,0.0,0.0,0.0,0.0,0.0,0.0,3.7516294,0.0,0.0,0.0,0.0,0.0,7.028166
horse,0.0,0.0,0.0,0.0,0.0,0.0,0.0,3.9128704,10.580699,0.0,6.4032397,0.0,0.0,0.0,0.2477696,2.3293982,0.0,1.8278183,0.0,0.0,0.0,0.0,0.0,0.0,4.5631137,0.0,0.0,0.0,0.0,0.0,0.0,0.0,0.0,0.0,0.0,0.6105592,0.0,0.9691701,0.46795368,1.3357546,0.0,0.0,0.0,0.0,0.0,0.0,0.0,1.1240504,0.0,0.0,0.0,10.349646,0.0,0.0,6.791363,0.0,0.0,2.859965,0.0,0.0,0.0,0.0,0.0,3.236021,0.0,0.0,0.0,0.0,0.0,0.0,4.8919725,0.0,0.0,0.0,0.0,0.0,0.0,0.0,0.0,0.0,0.0,0.0,0.0,0.0,0.0,0.0,0.0,0.0,0.0,0.0,0.0,0.0,0.0,0.0,0.0,0.0,0.0,0.0,3.5440197,0.0
hovercraft,0.0,0.0,0.0,0.0,0.0,0.0,0.0,0.0,0.0,0.0,0.0,0.0,0.0,0.0,7.700852,0.0,0.0,0.0,0.0,0.0,0.0,0.0,0.0,0.0,0.0,8.223186,0.0,0.0,0.0,0.0,0.0,0.0,0.0,0.0,0.0,8.833954,0.0,0.0,0.0,0.0,0.0,0.0,0.0,0.0,0.0,0.0,0.0,0.0,0.0,4.674283,0.0,15.282179,10.412205,0.0,0.0,0.0,0.0,0.0,0.0,15.964205,2.7884004,0.0,0.0,0.0,0.0,0.0,6.627351,0.0,0.0,0.0,12.457884,0.0,7.314213,4.7484307,0.0,0.0,0.0,0.0,0.0,4.746129,0.0,0.0,0.0,0.0,0.0,0.0,0.0,0.0,0.0,0.0,0.0,0.0,0.0,5.874718,0.0,0.0,0.0,0.0,0.0,0.0
iguana,0.0,0.0,0.0,0.0,0.0,0.0,0.0,0.0,0.0,0.0,0.0,0.0,0.0,0.0,0.0,1.3034639,0.0,6.4671526,0.0,0.0,0.0,0.0,0.0,0.0,6.0429716,4.6515765,0.0,0.0,0.0,0.0,0.0,0.0,2.6098278,0.0,0.0,0.0,0.0,0.0,0.25155354,0.0,0.0,0.0,18.600674,0.0,0.0,0.0,0.0,0.0,0.0,0.0,0.0,0.0,10.715075,0.0,16.917034,0.0,0.0,0.0,0.0,8.108719,5.931317,0.0,0.0,0.0,0.0,0.0,0.0,0.0,0.0,15.996645,0.0,0.0,0.0,0.0,0.0,0.0,0.0,0.0,0.0,0.0,11.585068,0.0,0.0,0.0,0.0,0.0,0.0,0.0,0.0,0.0,0.0,0.0,0.0,0.0,0.0,0.0,0.0,0.0,0.0,0.0
jar,0.0,0.0,0.0,0.0,0.0,0.0,0.0,0.0,0.0,0.0,0.0,0.0,0.0,0.0,0.0,0.0,0.0,3.0193937,0.0,0.0,10.475677,0.0,0.0,0.0,0.0,0.0,0.0,0.0,0.0,0.0,0.0,0.0,0.0,0.0,0.0,0.0,0.0,0.0,0.0,21.817236,0.0,0.0,1.2104669,0.0,0.0,0.0,0.0,0.0,0.0,0.0,0.0,6.3056383,0.0,0.0,0.0,0.0,0.0,0.0,0.0,0.0,0.0,0.0,0.0,7.105489,0.0,0.0,0.0,0.0,0.0,0.0,10.340575,0.0,0.0,1.4883242,0.0,0.0,0.0,0.0,2.7786222,0.0,7.6480412,0.0,0.0,0.0,0.0,0.0,0.0,0.0,0.0,0.0,0.0,0.0,0.0,2.94573,0.0,0.0,0.0,0.0,0.0,0.0
kangaroo,19.223286,0.0,0.0,0.0,13.644457,0.0,0.0,15.115899,0.0,0.0,2.6753602,0.0,0.0,0.0,0.0,2.066225,0.0,13.978824,0.0,0.0,0.0,0.0,0.0,0.0,7.7877793,0.0,0.0,0.0,0.0,0.0,0.0,0.0,0.0,0.0,0.0,0.0,0.0,0.0,18.53567,4.3432045,0.0,0.0,0.0,0.0,3.21062,0.0,0.0,0.0,0.0,0.0,0.0,0.0,0.0,0.0,0.0,0.0,0.0,14.308737,0.0,1.1740711,0.0,0.0,0.0,0.0,0.0,0.0,0.0,0.0,0.0,8.964256,0.0,0.0,0.0,0.0,0.0,0.0,0.0,5.8396072,0.0,0.0,0.0,0.0,0.0,0.0,0.0,0.0,0.0,0.0,0.0,0.0,0.0,0.0,0.0,5.4443817,0.0,0.0,0.0,0.0,0.0,0.0
kettle,0.0,0.0,0.0,0.0,0.0,0.0,0.0,9.904443,0.0,0.0,0.0,0.0,0.0,0.0,2.6336389,0.0,0.0,45.212402,0.0,0.0,0.0,0.0,0.0,0.0,0.0,0.0,0.0,0.0,0.0,0.0,0.0,0.0,0.0,0.0,0.0,0.0,0.0,0.0,0.0,9.697842,0.0,0.0,3.7442598,0.0,0.0,0.0,5.7390013,0.0,0.0,17.978577,0.0,9.1418495,0.0,0.0,0.0,0.0,0.0,0.0,0.0,0.0,0.0,0.0,0.0,4.234771,0.0,0.0,30.51759,0.0,0.0,0.0,0.0,0.0,0.0,0.0,0.0,0.0,0.0,0.0,0.20841241,0.0,35.0345,0.0,0.0,0.0,0.0,0.0,0.0,0.0,0.0,0.0,0.0,0.0,0.0,23.061409,0.0,0.0,0.0,0.0,0.0,0.0
knife,0.0,0.0,0.0,0.0,0.0,0.0,0.0,0.0,0.0,0.0,9.850103,0.0,0.0,0.0,4.4130745,0.0,0.0,4.1602135,0.0,0.0,0.0,0.0,0.0,0.0,0.0,0.0,0.0,0.0,0.0,0.0,0.0,0.0,0.0,0.0,0.0,16.855247,0.0,28.716515,0.0,0.0,0.0,0.0,6.326912,0.0,0.0,0.0,6.116227,0.0,0.0,0.0,0.0,0.0,9.975151,0.0,10.870217,0.0,0.0,0.0,0.0,10.0776615,0.0,0.0,0.0,0.0,0.0,0.0,1.8842356,0.0,0.0,0.0,19.19955,0.0,0.0,9.580542,0.0,0.0,0.0,0.0,4.1816854,0.0,3.3554158,0.0,0.0,0.0,0.0,0.0,0.0,0.0,0.0,0.0,0.0,0.0,0.0,0.0,0.0,0.0,0.0,0.0,0.0,13.017326
lion,6.9459434,0.0,0.0,0.0,4.601013,0.0,0.0,1.2166998,2.113817,0.0,0.0,0.0,0.0,0.0,2.9781713,0.0,0.0,4.3889494,0.0,0.0,0.0,0.0,0.0,0.0,0.0,0.0,0.0,0.0,0.0,0.0,0.0,0.0,0.0,0.0,0.0,0.0,0.0,0.0,6.551976,0.0,0.0,0.0,2.8282475,0.0,0.0,0.0,0.0,0.3678851,0.0,0.0,0.0,0.0,0.0,0.0,0.0,0.0,0.0,0.0,0.0,8.16073,4.862153,0.0,0.0,0.0,0.0,0.0,0.0,0.0,0.0,3.7475562,2.5956962,0.0,0.0,1.9096606,0.0,0.0,0.0,21.987265,0.0,0.0,5.7296395,0.0,0.0,0.0,0.0,0.0,0.0,0.0,0.0,0.0,31.4614,0.0,0.0,0.0,0.0,0.0,0.0,0.0,0.0,0.0
lizard,0.0,0.0,0.0,0.0,0.0,0.0,0.0,10.598588,10.06287,0.0,0.0,0.0,0.0,0.0,0.76429987,1.1681365,0.0,0.0,0.0,0.0,0.0,0.0,0.0,0.0,0.0,1.3984635,0.0,0.0,0.0,0.0,0.0,0.0,0.0,3.0344446,0.0,0.0,0.0,2.6107283,0.0,0.0,0.0,0.0,10.594891,0.0,0.0,0.0,0.0,6.428961,0.0,0.0,0.0,0.0,12.234615,0.0,16.77098,0.0,0.0,0.0,0.0,0.0,0.0,0.0,0.0,3.2750037,0.0,0.0,0.0,0.0,0.0,0.0,5.0054145,0.0,2.1624744,0.0,0.0,0.0,0.0,0.0,13.004508,5.606847,5.783973,0.0,0.0,0.0,0.0,0.0,0.0,0.0,0.0,0.0,2.6570513,0.0,0.0,0.0,0.0,0.0,0.0,0.0,0.0,0.0
llama,9.5806675,0.0,0.0,0.0,0.0,0.0,0.0,4.4575686,3.2264063,0.0,0.0,0.0,0.0,0.0,13.460308,15.653916,0.0,12.991998,0.0,0.0,0.0,0.0,0.0,0.0,15.414488,15.61072,0.0,0.0,0.0,0.0,0.0,0.0,0.0,0.0,0.0,0.0,0.0,0.0,0.0,0.0,0.0,0.0,0.0,0.0,41.560738,0.0,0.0,0.0,0.0,0.0,0.0,9.746311,2.470317,0.0,2.5505462,0.0,0.0,0.0,0.0,13.228296,0.0,0.0,0.0,0.0,0.0,0.0,0.0,0.0,0.0,8.048024,0.0,0.0,0.0,0.0,0.0,0.0,0.0,0.0,0.0,0.0,0.0,0.0,0.0,0.0,0.0,0.0,0.0,0.0,0.0,0.0,12.122057,0.0,0.0,0.6220617,0.0,0.0,0.0,0.0,0.0,0.0
monkey,4.2538114,0.0,0.0,0.0,3.5067797,0.0,0.0,22.338717,0.0,0.0,2.0620968,0.0,0.0,0.0,3.2587812,0.0,0.0,19.315535,0.0,0.0,10.577047,0.0,0.0,0.0,0.0,0.0,0.0,0.0,0.0,0.0,0.0,0.0,0.0,0.0,0.0,13.275191,0.0,0.0,40.30505,5.460307,0.0,0.0,3.2041576,0.0,12.707499,0.0,0.0,0.0,0.0,0.0,0.0,0.0,0.0,0.0,0.0,0.0,0.0,6.9421844,0.0,0.0,0.0,0.0,0.0,7.3568697,0.0,0.0,0.0,0.0,0.0,20.535091,3.1051543,0.0,0.0,10.522206,0.0,0.0,0.0,3.553637,0.0,13.826993,0.0,0.0,0.0,0.0,0.0,0.0,5.918273,0.0,0.0,0.0,0.0,0.0,0.0,8.619324,0.0,0.0,0.0,0.0,0.0,0.0
mosquito,26.200699,0.0,0.0,0.0,0.0,0.0,0.0,46.658318,0.0,0.0,0.0,0.0,0.0,0.0,0.0,0.0,0.0,0.0,0.0,0.0,0.0,0.0,0.0,0.0,0.0,30.08371,0.0,0.0,0.0,0.0,0.0,0.0,0.0,0.0,0.0,2.0249484,0.0,0.0,0.0,0.0,0.0,0.0,0.0,0.0,0.0,0.0,0.0,0.0,0.0,18.368656,0.0,6.697314,0.0,0.0,46.284027,0.0,0.0,0.0,0.0,0.0,0.0,0.0,0.0,0.0,0.0,0.0,10.674992,0.0,0.0,0.0,0.0,0.0,44.26557,32.37784,0.0,0.0,0.0,0.0,27.549587,0.0,0.0,0.0,0.0,0.0,0.0,0.0,0.0,0.0,0.0,0.0,0.0,0.0,0.0,0.0,0.0,0.0,0.0,0.0,0.0,0.0
moth,0.0,0.0,0.0,0.0,0.0,0.0,0.0,8.463082,0.0,0.0,0.0,0.0,0.0,0.0,8.339198,11.960965,0.0,0.0,0.0,0.0,0.0,0.0,0.0,0.0,0.0,4.842098,0.0,0.0,0.0,0.0,0.0,0.0,0.0,4.207481,0.0,2.055374,0.0,2.2779005,0.0,0.0,0.0,0.0,0.0,0.0,0.0,0.0,0.0,0.0,0.0,0.0,0.0,0.0,2.0132456,0.0,10.027548,0.0,0.0,0.0,0.0,0.0,0.86671245,0.0,0.0,0.0,0.0,0.0,0.0,0.0,0.0,0.28171158,5.2616234,0.0,4.823593,4.3612995,0.0,0.0,0.0,0.0,4.9632597,10.950046,0.0,0.0,0.0,0.0,0.0,0.0,1.0817313,0.0,0.0,0.0,0.0,0.0,0.0,0.0,0.0,0.0,0.0,0.0,0.0,0.0
mouse,4.8081403,0.0,0.0,0.0,0.0,0.0,0.0,9.322128,13.705905,0.0,7.654807,0.0,0.0,0.0,0.0,2.863317,0.0,9.512274,0.0,0.0,0.0,0.0,0.0,0.0,1.7200134,10.060757,0.0,0.0,0.0,0.0,0.0,0.0,0.0,0.0,0.0,0.0,0.0,0.0,0.0,0.0,0.0,0.0,0.44108558,0.0,0.0,0.0,0.0,0.0,0.0,1.429543,0.0,10.473588,5.568016,0.0,0.89033437,0.0,0.0,0.0,0.0,0.0,6.692679,0.0,0.0,0.0,0.0,0.0,0.0,0.0,0.0,20.360538,7.564267,0.0,0.0,0.091058254,0.0,0.0,0.0,0.0,0.0,0.0,4.890176,0.0,0.0,0.0,0.0,0.0,0.0,0.0,0.0,0.0,7.575619,0.0,0.0,0.0,0.0,0.0,0.0,0.0,0.0,0.0
paintbrush,0.49295855,0.0,0.0,0.0,0.0,0.0,0.0,4.5578713,0.0,0.0,0.0,0.0,0.0,0.0,1.1387076,4.784414,0.0,0.0,0.0,0.0,0.0,0.0,0.0,0.0,0.0,4.5535493,0.0,0.0,0.0,0.0,0.0,0.0,0.0,1.3448551,0.0,0.0,0.0,0.79313755,0.0,0.0,0.0,0.0,0.0,0.0,0.0,0.0,0.0,0.11919284,0.0,6.317216,0.0,2.4177175,3.760554,0.0,5.496769,0.0,0.0,0.0,0.0,0.0,2.8724394,0.0,0.0,0.0,0.0,0.0,0.0,0.0,0.0,0.0,5.061369,0.0,7.706238,3.975502,0.0,0.0,0.0,1.679009,3.895989,0.0,0.0,0.0,0.0,0.0,0.0,0.0,0.0,0.0,0.0,0.0,0.0,0.0,0.0,0.0,0.0,0.0,0.0,0.0,0.0,0.0
pan,0.0,0.0,0.0,0.0,0.0,0.0,0.0,0.0,0.0,0.0,9.520453,0.0,0.0,0.0,0.0,3.6863806,0.0,7.86979,0.0,0.0,0.0,0.0,0.0,0.0,0.0,8.903592,0.0,0.0,0.0,0.0,0.0,0.0,0.0,9.9887295,0.0,4.0366178,0.0,12.464882,0.0,0.0,0.0,0.0,0.0,0.0,0.0,0.0,5.064432,0.0,0.0,9.486422,0.0,7.1914096,0.0,0.0,0.0,0.0,0.0,0.0,0.0,0.0,5.5693216,0.0,0.0,10.477982,0.0,0.0,6.896258,0.0,0.0,4.1663885,0.0,0.0,2.7010257,0.0,0.0,0.0,0.0,0.0,3.6043754,0.0,10.639011,0.0,0.0,0.0,0.0,0.0,0.0,0.0,0.0,0.0,0.0,0.0,0.0,21.130836,0.0,0.0,0.0,0.0,0.0,3.4166873
piano,0.0,0.0,0.0,0.0,0.0,0.0,0.0,46.15614,50.15135,0.0,95.23354,0.0,0.0,0.0,0.0,41.507027,0.0,0.0,0.0,0.0,1.3159945,0.0,0.0,0.0,0.0,0.0,0.0,0.0,0.0,0.0,0.0,0.0,0.0,41.133347,0.0,0.0,0.0,8.791153,0.0,27.116724,0.0,0.0,0.0,0.0,0.0,0.0,0.0,5.3607016,0.0,0.0,0.0,142.54594,0.0,0.0,32.108345,0.0,0.0,54.03786,0.0,0.0,0.0,0.0,0.0,36.148758,0.0,0.0,0.0,0.0,0.0,0.0,0.0,0.0,0.0,27.859676,0.0,0.0,0.0,0.0,0.0,0.0,0.0,0.0,0.0,0.0,0.0,0.0,26.375168,0.0,0.0,0.0,0.0,0.0,0.0,0.0,0.0,0.0,0.0,0.0,0.0,0.0
pig,0.0,0.0,0.0,0.0,0.0,0.0,0.0,6.922305,6.4156113,0.0,6.0353527,0.0,0.0,0.0,15.562136,0.0,0.0,0.0,0.0,0.0,0.0,0.0,0.0,0.0,24.704437,0.0,0.0,0.0,0.0,0.0,0.0,0.0,0.0,0.0,0.0,0.0,0.0,0.0,25.65013,0.0,0.0,0.0,0.0,0.0,0.0,0.0,2.3945556,8.756655,0.0,0.0,0.0,0.0,0.0,0.0,0.0,0.0,0.0,2.100739,0.0,12.262788,0.0,0.0,0.0,4.9525614,0.0,0.0,0.0,0.0,0.0,0.0,23.373926,0.0,0.0,0.0,0.0,0.0,0.0,0.0,1.5106337,0.0,14.927708,0.0,0.0,0.0,0.0,0.0,0.0,0.0,0.0,0.0,0.0,0.0,0.0,0.0,0.0,0.0,0.0,0.0,0.0,0.0
plate,0.0,0.0,0.0,0.0,0.0,0.0,0.0,6.3566847,0.0,0.0,5.793628,0.0,0.0,0.0,7.5710673,9.193545,0.0,11.617895,0.0,0.0,0.0,0.0,0.0,0.0,0.0,14.664341,0.0,0.0,0.0,0.0,0.0,0.0,3.4830096,0.0,0.0,0.0,0.0,0.0,0.0,0.0,0.0,0.0,0.0,0.0,0.0,0.0,0.0,0.0,0.0,7.6176643,0.0,2.7697117,0.0,0.0,0.0,0.0,0.0,0.0,0.0,0.0,14.049931,0.0,0.0,3.2126775,0.0,0.0,5.437663,0.0,0.0,16.02659,1.5256042,0.0,0.0,5.329856,0.0,0.0,0.0,0.0,2.7760735,0.0,2.364474,0.0,0.0,0.0,0.0,0.0,0.0,0.0,0.0,0.0,0.0,0.0,0.0,19.922161,0.0,0.0,0.0,0.0,0.0,1.4684346
pliers,13.420271,0.0,0.0,0.0,0.0,0.0,0.0,0.0,0.0,0.0,0.70521975,0.0,0.0,0.0,0.0,0.0,0.0,0.0,0.0,0.0,0.0,0.0,0.0,0.0,0.0,56.534046,0.0,0.0,0.0,0.0,0.0,0.0,0.0,13.808796,0.0,12.292617,0.0,0.0,0.0,0.0,0.0,0.0,7.55904,0.0,0.0,0.0,0.0,0.0,0.0,1.0394189,0.0,0.0,0.0,0.0,0.0,0.0,0.0,0.0,0.0,0.0,0.0,0.0,0.0,16.916355,0.0,0.0,23.300972,0.0,0.0,0.0,0.0,0.0,0.0,0.0,0.0,0.0,0.0,0.0,0.0,0.0,0.0,0.0,0.0,0.0,0.0,0.0,0.0,0.0,0.0,0.0,0.0,0.0,0.0,0.0,0.0,0.0,0.0,0.0,0.0,23.019434
rabbit,1.0756632,0.0,0.0,0.0,0.0,0.0,0.0,20.283085,0.0,0.0,1.5338969,0.0,0.0,0.0,0.0,0.0,0.0,11.338191,0.0,0.0,0.0,0.0,0.0,0.0,0.12457228,0.0,0.0,0.0,0.0,0.0,0.0,0.0,0.0,0.0,0.0,7.383705,0.0,0.0,6.044615,0.0,0.0,0.0,3.3224325,0.0,0.0,0.0,0.0,0.0,0.0,0.0,0.0,2.2152839,1.001194,0.0,0.0,0.0,0.0,0.0,0.0,0.0,4.34137,0.0,0.0,0.0,0.0,0.0,0.0,0.0,0.0,16.77913,5.0873175,0.0,0.0,7.392503,0.0,0.0,0.0,0.0,0.0,7.0321903,0.0,0.0,0.0,0.0,0.0,0.0,0.0,0.0,0.0,0.0,0.0,0.0,0.0,0.0,0.0,0.0,0.0,0.0,0.0,0.0
salamander,0.0,0.0,0.0,0.0,0.0,0.0,0.0,0.0,0.0,0.0,0.0,0.0,0.0,0.0,1.6871815,0.0,0.0,0.0,0.0,0.0,0.0,0.0,0.0,0.0,0.0,0.0,0.0,0.0,0.0,0.0,0.0,0.0,0.0,0.0,0.0,0.0,0.0,0.0,1.4730554,0.0,0.0,0.0,3.5675142,0.0,0.0,0.0,0.0,29.230005,0.0,0.0,0.0,0.0,7.8908787,0.0,2.7836561,0.0,0.0,0.0,0.0,0.0,5.3225827,0.0,0.0,5.0691857,0.0,0.0,0.0,0.0,0.0,2.785672,0.0,0.0,6.545596,0.0,0.0,0.0,0.0,0.0,7.9098444,39.25046,16.057411,0.0,0.0,0.0,0.0,0.0,0.0,0.0,0.0,0.0,10.308006,0.0,0.0,0.0,0.0,0.0,0.0,0.0,0.0,0.0
screwdriver,0.0,0.0,0.0,0.0,0.0,0.0,0.0,0.0,0.0,0.0,10.965052,0.0,0.0,0.0,0.0,0.0,0.0,0.0,0.0,0.0,0.0,0.0,0.0,0.0,0.0,10.330634,0.0,0.0,0.0,0.0,0.0,0.0,0.0,1.5913401,0.0,8.933077,0.0,8.753135,0.0,0.0,0.0,0.0,7.257439,0.0,2.4847364,0.0,0.0,0.042123795,0.0,1.2061064,0.0,0.0,0.0,0.0,0.64828706,0.0,0.0,0.0,0.0,2.9666853,0.0,0.0,0.0,6.072847,0.0,0.0,0.8351145,0.0,0.0,0.0,5.6678743,0.0,0.0,1.1977293,0.0,0.0,0.0,0.0,0.0,7.0187407,0.0,0.0,0.0,0.0,0.0,0.0,0.16532063,0.0,0.0,0.0,0.0,0.0,0.0,0.0,0.0,0.0,0.0,0.0,0.0,9.492897
sheep,5.545189,0.0,0.0,0.0,0.0,0.0,0.0,0.0,9.432679,0.0,2.0139194,0.0,0.0,0.0,0.0,49.432922,0.0,1.6437085,0.0,0.0,0.0,0.0,0.0,0.0,0.0,0.53492856,0.0,0.0,0.0,0.0,0.0,0.0,0.0,0.0,0.0,0.0,0.0,0.0,11.053491,0.0,0.0,0.0,7.097511,0.0,2.3393004,0.0,0.0,0.0,0.0,1.6442015,0.0,21.314249,2.3535244,0.0,0.0,0.0,0.0,0.0,0.0,0.0,9.693427,0.0,0.0,0.0,0.0,0.0,0.0,0.0,0.0,8.875352,1.2891862,0.0,3.356767,0.0,0.0,0.0,0.0,13.475133,4.792307,0.0,14.942158,0.0,0.0,0.0,0.0,0.0,0.0,0.0,0.0,0.0,3.9155107,0.0,0.0,0.48942494,0.0,0.0,0.0,0.0,3.290941,0.0
shield,0.0,0.0,0.0,0.0,0.0,0.0,0.0,0.0,0.0,0.0,2.8404155,0.0,0.0,0.0,0.0,0.0,0.0,14.959372,0.0,0.0,5.5084863,0.0,0.0,0.0,0.0,0.0,0.0,0.0,0.0,0.0,0.0,0.0,0.0,8.749105,0.0,0.0,0.0,0.0,0.0,0.0,0.0,0.0,0.0,0.0,17.314102,0.0,20.950254,0.0,0.0,0.0,0.0,0.0,0.0,0.0,0.0,0.0,0.0,0.0,0.0,0.0,0.63857675,0.0,0.0,0.0,0.0,0.0,7.716403,0.0,0.0,0.0,0.0,0.0,0.0,4.098853,0.0,0.0,0.0,0.0,23.237303,4.470055,3.1521254,0.0,0.0,0.0,0.0,0.0,0.0,0.0,0.0,0.0,0.0,0.0,0.0,1.341395,0.0,0.0,0.0,0.0,0.0,0.0
shovel,0.0,0.0,0.0,0.0,0.0,0.0,0.0,0.0,0.0,0.0,0.0,0.0,0.0,0.0,3.9871645,0.0,0.0,13.207035,0.0,0.0,0.0,0.0,0.0,0.0,0.0,3.498213,0.0,0.0,0.0,0.0,0.0,0.0,0.0,0.0,0.0,36.28833,0.0,5.661557,0.0,0.0,0.0,0.0,0.0,0.0,0.0,0.0,0.0,0.0,0.0,0.0,0.0,15.346693,4.0177984,0.0,0.0,0.0,0.0,0.0,0.0,0.0,0.0,0.0,0.0,0.0,0.0,0.0,11.35733,0.0,0.0,0.0,14.115348,0.0,1.7914677,0.0,0.0,0.0,0.0,0.0,0.0,0.0,21.242058,0.0,0.0,0.0,0.0,0.0,0.0,0.0,0.0,0.0,0.0,0.0,0.0,0.0,0.0,0.0,0.0,0.0,0.0,0.0
sieve,0.0,0.0,0.0,0.0,0.0,0.0,0.0,0.0,0.0,0.0,0.0,0.0,0.0,0.0,0.0,0.0,0.0,0.0,0.0,0.0,0.0,0.0,0.0,0.0,0.0,13.046383,0.0,0.0,0.0,0.0,0.0,0.0,0.0,0.0,0.0,0.0,0.0,32.7177,0.0,0.0,0.0,0.0,0.0,0.0,0.0,0.0,0.34659195,0.0,0.0,0.0,0.0,0.0,0.0,0.0,0.0,0.0,0.0,0.0,0.0,0.0,0.0,0.0,0.0,1.9195032,0.0,0.0,11.699755,0.0,0.0,0.0,0.0,0.0,0.0,2.059235,0.0,0.0,0.0,0.0,0.0,13.860759,20.889069,0.0,0.0,0.0,0.0,0.0,0.0,0.0,0.0,0.0,0.0,0.0,0.0,0.0,0.0,0.0,0.0,0.0,0.0,0.0
snake,0.0,0.0,0.0,0.0,0.0,0.0,0.0,0.0,0.0,0.0,0.8524914,0.0,0.0,0.0,4.425581,0.0,0.0,0.0,0.0,0.0,5.9138184,0.0,0.0,0.0,0.0,0.0,0.0,0.0,0.0,0.0,0.0,0.0,0.0,0.0,0.0,0.0,0.0,14.876259,2.3807018,3.8040204,0.0,0.0,3.1737587,0.0,0.0,0.0,0.0,0.0,0.0,2.2997904,0.0,1.455353,0.0,0.0,0.0,0.0,0.0,0.0,0.0,0.0,0.0,0.0,0.0,1.069766,0.0,0.0,0.17075133,0.0,0.0,0.0,6.0586424,0.0,2.0278468,1.1894373,0.0,0.0,0.0,0.0,7.375078,1.8149168,0.0,0.0,0.0,0.0,0.0,0.0,0.0,0.0,0.0,0.0,2.387307,0.0,0.0,0.0,0.0,0.0,0.0,0.0,0.0,0.0
spider,18.063822,0.0,0.0,0.0,0.0,0.0,0.0,0.0,14.498437,0.0,0.0,0.0,0.0,0.0,0.0,6.6351943,0.0,55.859715,0.0,0.0,0.0,0.0,0.0,0.0,4.8642535,24.908342,0.0,0.0,0.0,0.0,0.0,0.0,0.0,115.51431,0.0,5.0375886,0.0,0.0,18.39678,0.0,0.0,0.0,0.0,0.0,0.0,0.0,10.440245,0.0,0.0,0.0,0.0,20.500843,0.0,0.0,7.6126633,0.0,0.0,0.0,0.0,0.0,15.843222,0.0,0.0,3.996165,0.0,0.0,0.0,0.0,0.0,0.351537,0.0,0.0,0.0,2.9587305,0.0,0.0,0.0,0.0,0.0,30.059082,0.0,0.0,0.0,0.0,0.0,0.0,7.630794,0.0,0.0,0.0,13.836483,0.0,0.0,0.0,0.0,0.0,0.0,0.0,0.0,0.0
spoon,0.0,0.0,0.0,0.0,0.0,0.0,0.0,0.0,3.4693565,0.0,0.0,0.0,0.0,0.0,8.880511,0.0,0.0,0.0,0.0,0.0,0.0,0.0,0.0,0.0,0.0,0.0,0.0,0.0,0.0,0.0,0.0,0.0,0.0,0.0,0.0,6.5845823,0.0,39.409916,0.0,0.0,0.0,0.0,4.3776803,0.0,0.0,0.0,0.0,0.0,0.0,0.0,0.0,0.0,0.0,0.0,3.0006034,0.0,0.0,0.0,0.0,8.505089,0.0,0.0,0.0,0.0,0.0,0.0,0.0,0.0,0.0,0.0,2.293392,0.0,0.0,31.549362,0.0,0.0,0.0,0.0,0.0,7.927249,20.509699,0.0,0.0,0.0,0.0,0.0,7.362154,0.0,0.0,0.0,0.0,0.0,0.0,0.0,0.0,0.0,0.0,0.0,0.0,5.7314196
squirrel,0.0,0.0,0.0,0.0,0.0,0.0,0.0,13.760413,27.542746,0.0,16.63095,0.0,0.0,0.0,0.0,0.0,0.0,12.911515,0.0,0.0,0.0,0.0,0.0,0.0,0.0,9.74433,0.0,0.0,0.0,0.0,0.0,0.0,0.0,0.0,0.0,0.0,0.0,0.0,0.0,0.0,0.0,0.0,0.0,0.0,0.0,0.0,0.0,0.0,0.0,6.169768,0.0,8.787054,10.8667755,0.0,0.0,0.0,0.0,3.6231523,0.0,0.0,0.0,0.0,0.0,0.0,0.0,0.0,0.0,0.0,0.0,47.21363,4.410224,0.0,0.0,1.2958446,0.0,0.0,0.0,0.0,0.0,0.0,0.0,0.0,0.0,0.0,0.0,0.0,0.0,0.0,0.0,0.0,6.3357124,0.0,0.0,0.0,0.0,0.0,0.0,0.0,0.0,0.0
submarine,0.0,0.0,0.0,0.0,0.0,0.0,0.0,0.0,0.0,0.0,8.003183,0.0,0.0,0.0,0.0,0.0,0.0,0.0,0.0,0.0,0.0,0.0,0.0,0.0,0.0,8.120452,0.0,0.0,0.0,0.0,0.0,0.0,0.0,0.0,0.0,0.0,0.0,0.0,0.0,3.0161588,0.0,0.0,0.0,0.0,5.7338753,0.0,0.0,0.0,0.0,35.952415,0.0,0.0,0.0,0.0,46.0062,0.0,0.0,18.49357,0.0,0.0,0.0,0.0,0.0,0.0,0.0,0.0,20.343287,0.0,0.0,0.0,78.31317,0.0,0.0,0.0,0.0,0.0,0.0,7.74911,0.0,0.0,0.0,0.0,0.0,0.0,0.0,5.031001,0.0,0.0,0.0,0.0,0.0,0.0,0.0,34.398502,0.0,0.0,0.0,0.0,31.456007,0.0
tiger,5.019928,0.0,0.0,0.0,0.0,0.0,0.0,0.0,7.7478676,0.0,0.0,0.0,0.0,0.0,7.9732103,0.0,0.0,0.0,0.0,0.0,0.0,0.0,0.0,0.0,18.52851,0.0,0.0,0.0,0.0,0.0,0.0,0.0,3.4152145,0.0,0.0,0.8308308,0.0,0.0,11.779503,0.0,0.0,0.0,16.72331,0.0,0.0,0.0,0.0,7.127816,0.0,0.0,0.0,0.0,1.3851576,0.0,0.0,0.0,0.0,0.0,0.0,5.5615606,0.0,0.0,0.0,0.0,0.0,0.0,0.0,0.0,0.0,0.0,0.0,0.0,0.0,44.796555,0.0,0.0,0.0,0.0,7.67496,0.0,14.468267,0.0,0.0,0.0,0.0,0.0,0.0,0.0,0.0,0.0,24.802488,0.0,0.0,0.0,0.0,0.0,0.0,0.0,0.0,5.322276
toaster,0.0,0.0,0.0,0.0,0.0,0.0,0.0,0.0,0.0,0.0,0.0,0.0,0.0,0.0,3.7256231,0.0,0.0,17.369787,0.0,0.0,0.0,0.0,0.0,0.0,0.0,0.0,0.0,0.0,0.0,0.0,0.0,0.0,0.0,0.0,0.0,5.804453,0.0,0.6599479,0.0,0.0,0.0,0.0,0.0,0.0,0.0,0.0,15.097368,0.0,0.0,0.0,0.0,20.553509,12.17971,0.0,0.0,0.0,0.0,0.0,0.0,0.0,0.0,0.0,0.0,0.0,0.0,0.0,5.9101357,0.0,0.0,0.0,15.377855,0.0,0.0,10.400492,0.0,0.0,0.0,0.0,0.0,0.0,0.0,0.0,0.0,0.0,0.0,0.0,5.9155207,0.0,0.0,0.0,10.945171,0.0,0.0,4.946734,0.0,0.0,0.0,0.0,0.0,19.676823
towel,0.0,0.0,0.0,0.0,0.0,0.0,0.0,0.0,1.5949643,0.0,0.0,0.0,0.0,0.0,27.963741,0.0,0.0,2.170485,0.0,0.0,0.0,0.0,0.0,0.0,0.0,4.947858,0.0,0.0,0.0,0.0,0.0,0.0,0.0,0.0,0.0,0.0,0.0,0.0,0.0,0.0,0.0,0.0,0.0,0.0,2.8173158,0.0,0.0,0.0,0.0,0.0,0.0,13.011835,0.0,0.0,0.0,0.0,0.0,0.0,0.0,0.0,0.0,0.0,0.0,0.0,0.0,0.0,0.0,0.0,0.0,0.0,30.587038,0.0,5.812065,16.376858,0.0,0.0,0.0,0.0,8.121899,0.0,0.0,0.0,0.0,0.0,0.0,0.0,0.0,0.0,0.0,0.0,0.0,0.0,0.0,0.77822924,0.0,0.0,0.0,0.0,0.0,0.0
tractor,0.0,0.0,0.0,0.0,0.0,0.0,0.0,0.0,0.0,0.0,16.074965,0.0,0.0,0.0,0.0,0.8782768,0.0,0.0,0.0,0.0,0.0,0.0,0.0,0.0,0.0,0.0,0.0,0.0,0.0,0.0,0.0,0.0,0.0,0.0,0.0,0.0,0.0,0.0,0.0,0.0,0.0,0.0,10.253979,0.0,0.0,0.0,58.6818,0.0,0.0,0.0,0.0,0.0,0.0,0.0,0.0,0.0,0.0,0.0,0.0,17.333637,0.0,0.0,0.0,0.0,0.0,0.0,0.0,0.0,0.0,0.0,0.0,0.0,0.0,8.613113,8.620795,0.0,0.0,10.750656,0.0,2.228269,0.0,0.0,0.0,0.0,0.0,0.0,0.0,0.0,0.0,0.0,0.0,0.0,0.0,29.114826,0.0,0.0,0.0,0.0,3.8352532,0.0
train,0.0,0.0,0.0,0.0,0.0,0.0,0.0,0.0,8.884511,0.0,0.0,0.0,0.0,0.0,9.476532,17.650284,0.0,17.731089,0.0,0.0,0.0,0.0,0.0,0.0,0.0,0.0,0.0,0.0,0.0,0.0,0.0,0.0,0.0,0.0,0.0,0.0,0.0,16.950106,0.0,0.0,0.0,0.0,0.0,0.0,0.0,0.0,19.541801,0.0,0.0,0.0,0.0,0.24957323,0.0,0.0,55.968666,0.0,0.0,0.0,0.0,0.0,0.0,0.0,0.0,0.0,0.0,0.0,0.3107028,0.0,0.0,0.0,0.0,0.0,0.0,0.0,0.0,0.0,0.0,0.0,0.0,16.662436,0.0,0.0,0.0,0.0,0.0,0.0,0.0,0.0,0.0,0.0,0.0,0.0,0.0,0.0,0.0,0.0,0.0,0.0,55.65311,0.0
truck,0.0,0.0,0.0,0.0,0.0,0.0,0.0,0.0,0.0,0.0,7.2396183,0.0,0.0,0.0,0.0,0.0,0.0,3.6038198,0.0,0.0,0.0,0.0,0.0,0.0,1.7978945,0.0,0.0,0.0,0.0,0.0,0.0,0.0,2.4292073,0.0,0.0,0.0,0.0,0.0,12.84261,0.0,0.0,0.0,10.266839,0.0,0.0,0.0,0.8685006,0.0,0.0,0.0,0.0,0.0,0.0,0.0,0.0,0.0,0.0,0.0,0.0,23.247538,0.0,0.0,0.0,0.0,0.0,0.0,0.0,0.0,0.0,0.0,0.0,0.0,0.0,4.8216543,0.0,0.0,0.0,0.0,0.0,0.0,6.1184177,0.0,0.0,0.0,0.0,0.0,0.0,0.0,0.0,0.0,0.0,0.0,0.0,0.0,0.0,0.0,0.0,0.0,19.209404,2.7511864
turtle,0.0,0.0,0.0,0.0,0.0,0.0,0.0,7.350739,9.084499,0.0,6.2075543,0.0,0.0,0.0,0.0,0.0,0.0,0.0,0.0,0.0,4.369857,0.0,0.0,0.0,0.0,0.0,0.0,0.0,0.0,0.0,0.0,0.0,56.356857,0.0,0.0,0.0,0.0,3.5332,5.3891487,1.9148216,0.0,0.0,4.164979,0.0,0.0,0.0,0.4077518,0.97775245,0.0,1.3392311,0.0,0.0,0.0,0.0,1.1908929,0.0,0.0,0.0,0.0,0.0,0.85294497,0.0,0.0,0.0,0.0,0.0,0.0,0.0,0.0,0.0,0.0,0.0,1.2651676,0.0,0.0,0.0,0.0,0.0,9.779765,1.2050104,8.969679,0.0,0.0,0.0,0.0,0.0,0.0,0.0,0.0,0.0,3.975654,0.0,0.0,11.470496,0.0,0.0,0.0,0.0,0.0,0.0
violin,6.907535,0.0,0.0,0.0,0.0,0.0,0.0,0.0,61.57364,0.0,0.0,0.0,0.0,0.0,29.434994,0.0,0.0,0.0,0.0,0.0,0.0,0.0,0.0,0.0,0.0,0.0,0.0,0.0,0.0,0.0,0.0,0.0,0.0,3.7715187,0.0,37.16539,0.0,0.0,0.0,27.272736,0.0,0.0,31.460403,0.0,0.0,0.0,0.0,0.0,0.0,36.68334,0.0,6.4824147,0.0,0.0,0.0,0.0,0.0,0.0,0.0,0.0,0.0,0.0,0.0,1.0697913,0.0,0.0,1.5716496,0.0,0.0,0.0,2.5337148,0.0,8.016253,0.0,0.0,0.0,0.0,0.0,0.0,0.0,0.0,0.0,0.0,0.0,0.0,0.0,20.016365,0.0,0.0,0.0,0.0,0.0,0.0,8.49229,0.0,0.0,0.0,0.0,22.342018,0.0
wasp,0.0,0.0,0.0,0.0,0.0,0.0,0.0,1.5851038,1.7334566,0.0,14.534227,0.0,0.0,0.0,0.024435997,0.9942874,0.0,0.0,0.0,0.0,0.0,0.0,0.0,0.0,0.0,3.30288,0.0,0.0,0.0,0.0,0.0,0.0,0.0,0.1986742,0.0,6.133934,0.0,5.353913,0.0,0.0,0.0,0.0,3.5301526,0.0,10.107571,0.0,0.0,2.5312421,0.0,0.0,0.0,0.0,0.0,0.0,5.2557707,0.0,0.0,0.0,0.0,2.2700794,0.0,0.0,0.0,4.498164,0.0,0.0,0.0,0.0,0.0,2.1057134,3.4372892,0.0,1.2951505,4.9240627,0.0,0.0,0.0,0.0,0.0,6.5617433,4.48553,0.0,0.0,0.0,0.0,0.0,2.7171535,0.0,0.0,0.0,0.0,0.0,0.0,0.0,0.0,0.0,0.0,0.0,0.0,2.6273365
whale,0.0,0.0,0.0,0.0,0.0,0.0,0.0,3.1253667,0.0,0.0,0.0,0.0,0.0,0.0,0.0,0.0,0.0,0.07815528,0.0,0.0,0.0,0.0,0.0,0.0,0.47641706,32.096535,0.0,0.0,0.0,0.0,0.0,0.0,22.180607,0.0,0.0,0.0,0.0,10.940733,0.0,5.67304,0.0,0.0,0.0,0.0,8.359657,0.0,0.0,0.0,0.0,0.0,0.0,0.0,0.0,0.0,0.0,0.0,0.0,0.0,0.0,13.502736,0.0,0.0,0.0,0.0,0.0,0.0,0.0,0.0,0.0,0.0,15.266892,0.0,0.0,0.0,0.0,0.0,0.0,0.0,4.499221,3.1005416,0.0,0.0,0.0,0.0,0.0,0.0,0.0,0.0,0.0,0.0,0.0,0.0,0.0,0.0,0.0,0.0,0.0,0.0,0.9241383,0.0
wheelbarrow,0.0,0.0,0.0,0.0,0.0,0.0,0.0,0.0,0.0,0.0,5.7822385,0.0,0.0,0.0,3.380937,10.712425,0.0,0.0,0.0,0.0,0.0,0.0,0.0,0.0,0.0,0.0,0.0,0.0,0.0,0.0,0.0,0.0,0.0,0.0,0.0,5.807976,0.0,0.0,0.0,0.0,0.0,0.0,0.0,0.0,0.0,0.0,4.085099,0.0,0.0,0.0,0.0,8.274712,0.0,0.0,0.0,0.0,0.0,0.0,0.0,4.3449335,0.0,0.0,0.0,0.0,0.0,0.0,0.0,0.0,0.0,0.0,0.0,0.0,0.0,0.0,0.0,0.0,0.0,0.0,0.0,0.0,4.4539804,0.0,0.0,0.0,0.0,0.0,0.0,0.0,0.0,0.0,0.0,0.0,0.0,5.5929475,0.0,0.0,0.0,0.0,1.4621196,0.0
wolf,52.59958,0.0,0.0,0.0,49.286472,0.0,0.0,41.46895,0.0,0.0,5.7616763,0.0,0.0,0.0,0.0,6.525189,0.0,0.0,0.0,0.0,0.0,0.0,0.0,0.0,42.987232,0.0,0.0,0.0,0.0,0.0,0.0,0.0,0.0,0.0,0.0,0.0,0.0,0.0,0.0,24.88298,0.0,0.0,2.2492287,0.0,0.0,0.0,0.0,0.0,0.0,7.68153,0.0,0.0,0.0,0.0,0.0,0.0,0.0,0.2920208,0.0,15.449043,0.0,0.0,0.0,0.0,0.0,0.0,0.0,0.0,0.0,13.064526,0.0,0.0,0.0,2.451034,0.0,0.0,0.0,2.364195,0.0,0.0,6.423881,0.0,0.0,0.0,0.0,0.0,0.0,0.0,0.0,0.0,0.0,0.0,0.0,9.373881,0.0,0.0,0.0,0.0,0.0,0.0
worm,0.0,0.0,0.0,0.0,0.0,0.0,0.0,7.909992,9.120372,0.0,0.0,0.0,0.0,0.0,33.838078,16.93166,0.0,0.0,0.0,0.0,2.0878322,0.0,0.0,0.0,0.0,0.0,0.0,0.0,0.0,0.0,0.0,0.0,0.0,7.2239285,0.0,0.0,0.0,10.058819,0.0,0.0,0.0,0.0,6.054248,0.0,0.0,0.0,11.460176,0.0,0.0,0.0,0.0,0.0,0.0,0.0,11.601785,0.0,0.0,0.0,0.0,0.0,1.6090436,0.0,0.0,0.0,0.0,0.0,0.24768496,0.0,0.0,1.021905,0.0,0.0,0.0,0.0,0.0,0.0,0.0,0.0,7.5570574,54.458393,2.2568312,0.0,0.0,0.0,0.0,0.0,0.0,0.0,0.0,0.0,0.0,0.0,0.0,0.0,0.0,0.0,0.0,0.0,0.0,0.0
wrench,0.0,0.0,0.0,0.0,0.0,0.0,0.0,0.0,0.0,0.0,0.0,0.0,0.0,0.0,0.0,0.0,0.0,0.0,0.0,0.0,0.0,0.0,0.0,0.0,0.0,8.678755,0.0,0.0,0.0,0.0,0.0,0.0,0.0,0.0,0.0,22.582964,0.0,24.586905,0.0,0.0,0.0,0.0,17.942352,0.0,0.0,0.0,0.0,0.0,0.0,0.0,0.0,0.0,0.0,0.0,12.382234,0.0,0.0,0.0,0.0,8.083279,0.0,0.0,0.0,0.0,0.0,0.0,0.0,0.0,0.0,0.0,0.0,0.0,0.0,51.54266,0.0,0.0,0.0,0.0,26.041826,0.0,2.046948,0.0,0.0,0.0,0.0,0.0,0.0,0.0,0.0,0.0,0.0,0.0,0.0,0.0,0.0,0.0,0.0,0.0,0.0,57.214684
zebra,35.641582,0.0,0.0,0.0,0.0,0.0,0.0,0.0,0.0,0.0,0.0,0.0,0.0,0.0,0.0,67.968155,0.0,0.0,0.0,0.0,0.0,0.0,0.0,0.0,0.0,29.965416,0.0,0.0,0.0,0.0,0.0,0.0,82.757545,0.0,0.0,0.0,0.0,0.0,0.0,0.0,0.0,0.0,13.79443,0.0,0.0,0.0,0.0,0.0,0.0,0.0,0.0,87.38827,0.0,0.0,38.250324,0.0,0.0,1.7146935,0.0,74.03135,0.0,0.0,0.0,10.701326,0.0,0.0,0.0,0.0,0.0,0.0,0.0,0.0,0.0,168.58365,0.0,0.0,0.0,0.0,0.79202104,0.0,0.0,0.0,0.0,0.0,0.0,0.0,0.0,0.0,0.0,0.0,0.0,0.0,0.0,0.0,0.0,0.0,0.0,0.0,35.84932,0.0
